시도,시군구,어린이집유형,어린이집명,전화번호,주소,latitude,longitude
대구광역시,중구,민간,효성해링턴어린이집,053-256-2005,"대구광역시 중구 중앙대로66길 20 , 102동 1층 (남산동, 반월당효성해링턴플레이스)",35.8621455,128.5951679
대구광역시,중구,국공립,남산롯데센트럴어린이집,053-252-1277,대구광역시 중구 재마루길 77 105동,35.87153,128.60154500000002
대구광역시,중구,국공립,남산이편한어린이집,053-256-2222,"대구광역시 중구 달구벌대로 2020 103동 1층(남산동, 이편한세상남산)",35.871629999999996,128.60164500000002
대구광역시,중구,"법인,단체등",남산교회어린이집,053-253-0130,대구광역시 중구 관덕정길 16 (남산동),35.8637752,128.5909183
대구광역시,중구,민간,대구삼성어린이집,053-255-7851,대구광역시 중구 달구벌대로 2016-40 (남산동),35.865561,128.5960054
대구광역시,중구,민간,리틀포레스트어린이집,053-427-5981,대구광역시 중구 중앙대로67길 11,35.8631649,128.5921731
대구광역시,중구,사회복지법인,백합어린이집,053-256-6862,대구광역시 중구 남산로4길 111 (남산동),35.8589323,128.584882
대구광역시,중구,민간,스타클래스어린이집,053-242-5511,"대구광역시 중구 남산로 30 , 103동 1층 (남산동,극동스타클래스남산)",35.8605291,128.5841284
대구광역시,중구,국공립,그린숲어린이집,053-426-7902,"대구광역시 중구 달구벌대로 1950 106동 1호(남산동, 남산그린타운)",35.872229999999995,128.602245
대구광역시,중구,국공립,꿈나무어린이집,053-252-0655,대구광역시 중구 남산로7길 35 (남산동),35.860151,128.5790852
대구광역시,중구,국공립,남산자이하늘채어린이집,053-252-3456,"대구광역시 중구 명덕로 33 (남산동, 남산자이하늘채)",35.8589068,128.5777712
대구광역시,중구,국공립,남산화성어린이집,053-421-1101,"대구광역시 중구 남산로7길 7 (남산동, 남산역화성파크드림)",35.860151,128.5790852
대구광역시,중구,국공립,동그라미어린이집,053-959-7942,"대구광역시 중구 달구벌대로 1960 , 103동 101호(남산동, 남산휴먼시아1단지)",35.8663532,128.5878388
대구광역시,중구,국공립,청라힐스자이어린이집,053-255-2366,"대구광역시 중구 남산로 73 남산동, 청라힐스자이",35.87273,128.602745
대구광역시,중구,민간,아이비어린이집,053-421-7978,대구광역시 중구 남산로3안길 20 (남산동),35.8603434,128.5774516
대구광역시,중구,가정,황실친환경어린이집,053-253-6673,"대구광역시 중구 남산로13길 17 , 105동 109호 (남산동,보성황실타운)",35.861544,128.5805848
대구광역시,중구,국공립,센트로팰리스어린이집,053-254-3307,"대구광역시 중구 대봉로 260 103동 1층(대봉동, 센트로팰리스)",35.87303,128.603045
대구광역시,중구,국공립,태왕아름별어린이집,053-253-7977,"대구광역시 중구 동덕로 55 (대봉동, 대봉태왕아너스)",35.8598783,128.6049093
대구광역시,중구,민간,서한포레스트어린이집,053-425-5777,대구광역시 중구 대봉로 240,35.8558086,128.6017927
대구광역시,중구,민간,창의나라어린이집,053-248-8845,대구광역시 중구 대봉로 228-9 (대봉동),35.85979,128.6004709
대구광역시,중구,국공립,대봉더샵가온어린이집,053-252-0179,대구광역시 중구 대봉로43길 21,35.8574269,128.6006733
대구광역시,중구,국공립,대봉리비테르어린이집,053-201-8889,"대구광역시 중구 대봉로43길 22 (대봉동, 더샵리비테르2차아파트)",35.8574269,128.6006733
대구광역시,중구,국공립,대봉서한어린이집,053-422-0707,대구광역시 중구 명덕로 241,35.8585019,128.5786921
대구광역시,중구,국공립,대신e편한어린이집,053-423-5700,"대구광역시 중구 달구벌대로 1943 (대신동,이편한세상대신)",35.865561,128.5960054
대구광역시,중구,민간,밤비니어린이집,053-255-3237,"대구광역시 중구 달구벌대로 1955 , 107동 1층 (대신동, 대신센트럴자이)",35.8638665,128.5777187
대구광역시,중구,가정,태왕아이사랑어린이집,053-215-7004,"대구광역시 중구 달구벌대로 1975 , 105동 102호 (대신동,태왕아너스스카이)",35.8663532,128.5878388
대구광역시,중구,국공립,센트럴동인어린이집,053-254-1238,"대구광역시 중구 국채보상로139길 40 동인동3가, 엑소디움 센트럴 동인",35.87403,128.604045
대구광역시,중구,국공립,힐스테이트동인어린이집,053-256-5068,대구광역시 중구 태평로 240,35.8733171,128.6030006
대구광역시,중구,민간,칸타빌어린이집,053-719-4297,대구광역시 중구 태평로 224,35.8733171,128.6030006
대구광역시,중구,직장,경북대학교병원어린이집,053-261-1710,대구광역시 중구 국채보상로140길 24-7(동인동 2가),35.8679557,128.6070432
대구광역시,중구,직장,대구광역시청어린이집,053-803-5638,대구광역시 중구 동덕로 182 (동인동1가),35.8647266,128.6038729
대구광역시,중구,민간,삼덕청아람어린이집,053-252-5234,대구광역시 중구 삼덕동3가 달구벌대로447길 77 삼덕청아람리슈빌 내 의무보육시설,35.87453,128.604545
대구광역시,중구,국공립,힐스테이트어린이집,053-255-5520,대구광역시 중구 태평로28길 13,35.8749178,128.5918405
대구광역시,중구,가정,청라포레스트어린이집,053-213-3303,대구광역시 중구 달구벌대로 2021 1층,35.87473,128.604745
대구광역시,중구,국공립,달성파크어린이집,053-521-8011,대구광역시 중구 달성로 123,35.8737513,128.5824561
대구광역시,중구,국공립,도원센트럴어린이집,053-427-7433,대구광역시 중구 태평로 50,35.8773475,128.585243
대구광역시,중구,국공립,제일풍경채어린이집,053-217-0771,대구광역시 중구 달성로26길 70,35.875597,128.5852586
대구광역시,중구,민간,센트럴자이어린이집,053-252-1125,"대구광역시 중구 서성로 99 , 1층 보육시설(수창동, 대구역센트럴자이)",35.8760274,128.5879757
대구광역시,동구,국공립,뉴웰시티꿈의숲어린이집,053-962-9970,"대구광역시 동구 동화천로77길 30 (지묘동, LH뉴웰시티)",35.9416276,128.6329488
대구광역시,동구,국공립,아이파크라라어린이집,053-983-2323,"대구광역시 동구 동화천로 369 103동 1층(지묘동, 연경아이파크)",35.87533,128.605345
대구광역시,동구,국공립,연경푸르미어린이집,053-982-0200,"대구광역시 동구 연경지묘로 153 203동 1층(지묘동, 연경LH천년나무2단지)",35.875429999999994,128.605445
대구광역시,동구,국공립,팔공보성어린이집,053-981-6700,"대구광역시 동구 파계로 71 (지묘동, 팔공3차보성타운)",35.958406,128.6323783
대구광역시,동구,민간,빛나는별어린이집,053-986-0909,대구광역시 동구 파계로6길 54-12 .,35.9388706,128.6404503
대구광역시,동구,가정,솔파란어린이집,053-213-8870,"대구광역시 동구 파계로 46 103동 105호(지묘동, 태왕그린힐즈아파트)",35.87573,128.605745
대구광역시,동구,국공립,도동어린이집,053-983-7652,대구광역시 동구 팔공로26길 46 (도동),35.9100078,128.6421417
대구광역시,동구,직장,광성어린이집,053-983-7962,대구광역시 동구 둔산로 311-1,35.8861798,128.6765549
대구광역시,동구,국공립,동촌태왕어린이집,053-984-9989,"대구광역시 동구 동촌로 100 (검사동, 태왕아너스르네상스)",35.8901085,128.6485845
대구광역시,동구,국공립,봄어린이집,053-982-3669,대구광역시 동구 동촌로11길 5 동촌동행정복지센터 1층(입석동),35.876129999999996,128.60614500000003
대구광역시,동구,사회복지법인,해안어린이집,053-981-9406,대구광역시 동구 방촌로 69 (검사동),35.8854597,128.6598005
대구광역시,동구,민간,다사랑어린이집,053-984-0097,대구광역시 동구 동촌로6길 44-1 (검사동),35.876329999999996,128.606345
대구광역시,동구,민간,푸른하늘어린이집,053-985-4693,대구광역시 동구 방촌로1길 27-1 (검사동),35.8841204,128.6644023
대구광역시,동구,가정,우리어린이집,053-986-3339,대구광역시 동구 동촌로 132-19 (검사동),35.8840477,128.6590885
대구광역시,동구,사회복지법인,사회복지법인주홍어린이집,053-985-3636,대구광역시 동구 화랑로75길 25-3 (방촌동),35.8791008,128.6664282
대구광역시,동구,민간,늘푸른어린이집,053-981-7383,대구광역시 동구 동촌로46길 3-3 (방촌동),35.8792855,128.6644518
대구광역시,동구,민간,세리어린이집,053-961-7979,"대구광역시 동구 동촌로 260 104동(방촌동,방촌역세영리첼아파트)",35.87683,128.60684500000002
대구광역시,동구,가정,꼬마스쿨어린이집,053-983-1157,"대구광역시 동구 동촌로42길 63 202동 105호(방촌동, 영남네오빌2차)",35.876929999999994,128.60694500000002
대구광역시,동구,가정,목련화어린이집,053-985-9334,"대구광역시 동구 동촌로 190 106동 109호(방촌동, 영남네오빌1차)",35.87703,128.607045
대구광역시,동구,국공립,봉무어린이집,053-982-9829,대구광역시 동구 팔공로53길 36 (봉무동),35.9180611,128.6392662
대구광역시,동구,국공립,이시아어린이집,053-984-0130,"대구광역시 동구 팔공로51길 10 303동 103호(봉무동,이시아폴리스더샵3차)",35.87723,128.607245
대구광역시,동구,국공립,휴포레사랑어린이집,053-984-1500,"대구광역시 동구 팔공로 260 202동 1층(봉무동, 협성휴포레이시아폴리스)",35.87732999999999,128.607345
대구광역시,동구,사회복지법인,사회복지법인세명어린이집,053-984-4422,대구광역시 동구 팔공로23길 17-1 (불로동),35.87743,128.607445
대구광역시,동구,민간,더샵드림어린이집,053-982-6029,"대구광역시 동구 팔공로51길 10 (봉무동, 이시아폴리스더샵3차 관리동)",35.9231437,128.6382827
대구광역시,동구,민간,더샵어린이집,053-283-9400,대구광역시 동구 팔공로53길 10 이시아폴리스 더샵 1차,35.877629999999996,128.60764500000002
대구광역시,동구,민간,더샵인뮤즈어린이집,053-983-8833,대구광역시 동구 팔공로 274 봉무동 이시아폴리스 더샵 2차,35.87773,128.60774500000002
대구광역시,동구,민간,더샵초록숲어린이집,053-259-0098,"대구광역시 동구 팔공로53길 40 408동 1층(봉무동, 이시아폴리스더샵4차)",35.877829999999996,128.60784500000003
대구광역시,동구,국공립,동대구에일린의뜰어린이집,053-951-7942,"대구광역시 동구 아양로9길 35 (신암동,동대구에일린의뜰)",35.8846661,128.6186175
대구광역시,동구,국공립,동대구해링턴어린이집,053-941-7379,"대구광역시 동구 경대로 126 (신암동,해링턴플레이스동대구)",35.8831598,128.6127653
대구광역시,동구,민간,뜨란채어린이집,053-957-5004,"대구광역시 동구 아양로7길 12 103동(신암동, 신암뜨란채)",35.87813,128.608145
대구광역시,동구,민간,에코어린이집,053-958-0822,대구광역시 동구 평화로 51,35.8844606,128.6174092
대구광역시,동구,직장,에코 파티마병원 직장어린이집,053-959-2268,대구광역시 동구 아양로15길 43 (신암동),35.885297,128.6231761
대구광역시,동구,국공립,동대구데시앙어린이집,053-944-1020,"대구광역시 동구 신암로20길 63 (신암동,동대구더센트로데시앙)",35.8782357,128.6135488
대구광역시,동구,국공립,신천자이어린이집,053-283-2323,"대구광역시 동구 신암로16길 25 (신천동, 신천자이아파트)",35.8771155,128.6106856
대구광역시,동구,민간,리틀하나린어린이집,053-957-3700,대구광역시 동구 신암로12길 55-1 (신천동),35.8751897,128.6115768
대구광역시,동구,민간,보미어린이집,053-954-8330,"대구광역시 동구 신암로16길 16 106동(신천동, 신천가람타운)",35.87873,128.608745
대구광역시,동구,민간,청아람어린이집,053-263-3066,"대구광역시 동구 신암로20길 39 104동(신암동, 신암청아람아파트)",35.878829999999994,128.608845
대구광역시,동구,민간,하나린어린이집,053-941-3700,대구광역시 동구 신암로12길 53 (신천동) 하나린어린이집,35.8751897,128.6115768
대구광역시,동구,가정,베베스쿨어린이집,053-745-0636,"대구광역시 동구 신암로16길 16 107동 102호(신천동, 신천가람타운)",35.87902999999999,128.609045
대구광역시,동구,가정,햇살나무어린이집,053-945-1150,"대구광역시 동구 신암로16길 25 105동102호(신천동,신천자이)",35.879129999999996,128.609145
대구광역시,동구,국공립,센트럴나린어린이집,053-942-7942,"대구광역시 동구 동대구로 577 (신암동, 이안센트럴D)",35.8817062,128.6255915
대구광역시,동구,국공립,아이유쉘키즈어린이집,053-941-7942,"대구광역시 동구 송라로32길 32 (신암동, 동대구우방아이유쉘)",35.8807095,128.6155829
대구광역시,동구,국공립,이안동대구어린이집,053-951-2814,"대구광역시 동구 송라로28길 14 (신암동, 이안동대구)",35.8794026,128.6159479
대구광역시,동구,사회복지법인,꿀벌어린이집,053-957-8846,대구광역시 동구 송라로28길 21-6 (신암동),35.8794026,128.6159479
대구광역시,동구,민간,골드클래스어린이집,053-945-0980,"대구광역시 동구 신암남로 72 103동 1층(신암동, 동대구골드클래스)",35.87963,128.609645
대구광역시,동구,민간,꿈꽃어린이집,053-943-6565,대구광역시 동구 송라로 110 (신암동),35.8679347,128.6185236
대구광역시,동구,가정,캐스빌어린이집,053-955-3411,"대구광역시 동구 신암남로 50 108동 103호(신암동, 건영캐스빌)",35.87983,128.609845
대구광역시,동구,직장,코레일 대구어린이집,053-945-5333,대구광역시 동구 동부로15길 89 (신암동),35.8772794,128.6238927
대구광역시,동구,국공립,동대구화성파크큰별어린이집,053-243-2000,"대구광역시 동구 동대구로 590 104동(신암동,동대구역화성파크드림아파트)",35.88003,128.610045
대구광역시,동구,국공립,센텀화성어린이집,053-719-3571,"대구광역시 동구 아양로 133 (신암돔, 동대구역센텀화성파크드림)",35.8934279,128.6443617
대구광역시,동구,국공립,신암어린이집,053-939-0600,대구광역시 동구 신암남로 175-1 1층(신암동),35.88023,128.61024500000002
대구광역시,동구,국공립,해모로봄날어린이집,053-286-7942,"대구광역시 동구 동북로 340 (신암동,동대구해모로스퀘어웨스트)",35.8815604,128.6370802
대구광역시,동구,사회복지법인,사회복지법인 동부어린이집,053-954-4033,대구광역시 동구 신암북로 81-3 (신암동),35.8879044,128.6241225
대구광역시,동구,민간,아이사랑한솔어린이집,053-958-0713,대구광역시 동구 신암남로28길 50-3 (신암동),35.8834508,128.6324168
대구광역시,동구,국공립,온뜨레피움어린이집,053-219-7770,대구광역시 동구 아양로 213-6,35.8952922,128.6454277
대구광역시,동구,국공립,해모로다원어린이집,053-943-2233,"대구광역시 동구 동북로75길 13 (신암동,동대구해모로스퀘어이스트)",35.8890699,128.6312702
대구광역시,동구,직장,봄봄동구청직장어린이집,053-943-7553,대구광역시 동구 아양로41길 23-9 (신암동),35.8877465,128.6364078
대구광역시,동구,사회복지법인,청구어린이집,053-421-2278,대구광역시 동구 송라로 3-6 (신천동),35.8719563,128.6190661
대구광역시,동구,사회복지법인,청산어린이집,053-425-8066,대구광역시 동구 송라로3길 13-3 (신천동),35.8698189,128.6191356
대구광역시,동구,민간,리버파크어린이집,053-422-3666,"대구광역시 동구 동부로 26 509동 단지내(신천동, 신천역센트럴리버파크)",35.88113,128.61114500000002
대구광역시,동구,민간,신천아이숲어린이집,053-423-3323,"대구광역시 동구 송라로11길 39 605동(신천동, 신천휴먼시아6단지)",35.881229999999995,128.61124500000003
대구광역시,동구,가정,앙팡어린이집,053-424-7742,"대구광역시 동구 동부로 26 508동 101호(신천동, 신천역 센트럴리버파크)",35.88133,128.611345
대구광역시,동구,국공립,동대구역센트럴시티자이어린이집,053-741-0123,"대구광역시 동구 송라로10길 33 (신천동,동대구역센트럴시티자이)",35.8722405,128.6212934
대구광역시,동구,국공립,신천어린이집,053-742-8710,대구광역시 동구 송라로6길 22 (신천동),35.8705884,128.6214489
대구광역시,동구,국공립,인(IN)반도유보라어린이집,053-716-0907,"대구광역시 동구 송라로16길 11 104동 (신천동, 동대구반도유보라)",35.881629999999994,128.611645
대구광역시,동구,사회복지법인,예일어린이집,053-743-8338,대구광역시 동구 동부로 67-1 (신천동),35.8772958,128.6294351
대구광역시,동구,민간,더샵센터시티어린이집,053-759-3536,"대구광역시 동구 동부로19길 18 (신천동,동대구역더샵센터시티)",35.8765368,128.6227573
대구광역시,동구,민간,유쉘본어린이집,053-745-0335,"대구광역시 동구 동부로 115 (신천동, 동대구역 우방아이유쉘)",35.8790106,128.6348202
대구광역시,동구,민간,햇살어린이집,053-751-3690,대구광역시 동구 송라로14길 17 (신천동),35.873308,128.6230911
대구광역시,동구,국공립,더샵온어린이집,053-721-7407,"대구광역시 동구 화랑로 33 (신천동,더샵디어엘로)",35.8768717,128.6679111
대구광역시,동구,국공립,아이비스타어린이집,053-741-5522,"대구광역시 동구 화랑로 51 (신천동,동대구비스타동원)",35.8720007,128.6350545
대구광역시,동구,국공립,산들어린이집,053-963-6565,"대구광역시 동구 금호강변로3길 9 단지내(율하동, 율하휴먼시아15단지)",35.882329999999996,128.612345
대구광역시,동구,국공립,선우어린이집,053-963-3366,"대구광역시 동구 율하서로 59 507동 1층(율하동, 율하휴먼시아5단지)",35.88243,128.612445
대구광역시,동구,국공립,선재어린이집,053-755-4888,"대구광역시 동구 율하동로8길 16 1010동 1층(율하동, 율하휴먼시아10단지)",35.882529999999996,128.612545
대구광역시,동구,국공립,율하어린이집,053-961-0361,"대구광역시 동구 안심로16길 45 601동(율하동, 율하휴먼시아6단지)",35.88263,128.61264500000001
대구광역시,동구,국공립,천사어린이집,053-961-7004,"대구광역시 동구 안심로22길 55 713동 1층 (율하동,율하휴먼시아 7단지아파트)",35.882729999999995,128.61274500000002
대구광역시,동구,사회복지법인,사회복지법인한사랑어린이집,053-961-3589,대구광역시 동구 율하동로17길 49 (율하동),35.8684405,128.6972484
대구광역시,동구,민간,금빛어린이집,053-961-0845,"대구광역시 동구 안심로16길 71 단지내(율하동, 세계육상선수촌2단지)",35.882929999999995,128.61294500000002
대구광역시,동구,민간,소명어린이집,053-962-7454,대구광역시 동구 율하동로28길 39 (신기동),35.8714123,128.7056402
대구광역시,동구,민간,숲어린이집,053-965-1115,대구광역시 동구 반야월로28길 88-9 (신기동),35.8712638,128.7037354
대구광역시,동구,민간,아이랜드어린이집,053-963-2279,대구광역시 동구 율하동로10길 17 (율하동),35.8633666,128.7016748
대구광역시,동구,민간,유쉘어린이집,053-963-6557,대구광역시 동구 금호강변로3길 22 아파트 단지내,35.883329999999994,128.613345
대구광역시,동구,민간,율빛어린이집,053-952-8866,"대구광역시 동구 율하서로 85 단지내(율하동, 육상대회선수촌아파트)",35.88343,128.613445
대구광역시,동구,민간,율원어린이집,053-965-0138,대구광역시 동구 율하동로10길 9 (율하동),35.8627544,128.7021585
대구광역시,동구,민간,키즈하버드어린이집,053-961-0071,대구광역시 동구 율하동로8길 75 키즈하버드어린이집,35.88363,128.61364500000002
대구광역시,동구,가정,누리보듬어린이집,053-964-6107,"대구광역시 동구 금호강변로3길 22 114동 102호(율하동, 우방아이유쉘아파트)",35.88373,128.61374500000002
대구광역시,동구,가정,방실방실어린이집,053-248-9644,"대구광역시 동구 금호강변로3길 22 119동 102호(율하동, 우방아이유쉘)",35.883829999999996,128.61384500000003
대구광역시,동구,가정,안아주어린이집,053-964-8005,"대구광역시 동구 안심로16길 29 단지내(율하동, 경남안아주아파트)",35.88393,128.613945
대구광역시,동구,가정,제마어린이집,053-964-8004,"대구광역시 동구 안심로22길 76 901동 102호(율하동, 율하휴먼시아9단지아파트)",35.884029999999996,128.614045
대구광역시,동구,가정,키즈로스쿨어린이집,053-965-0090,대구광역시 동구 반야월로26길 61-2 (신기동),35.8715283,128.7012114
대구광역시,동구,가정,하늘꿈어린이집,053-964-0733,대구광역시 동구 안심로16길 29 102/101(SM안아주),35.884229999999995,128.614245
대구광역시,동구,가정,행복한 캐슬 어린이집,053-965-7441,대구광역시 동구 율하서로 23 율하롯데캐슬탑클래스아파트 관리동,35.88433,128.61434500000001
대구광역시,동구,국공립,동일프로이데어린이집,053-719-3535,대구광역시 동구 동촌로 374-3 (용계동),35.8840477,128.6590885
대구광역시,동구,국공립,안심파라곤어린이집,053-247-0012,"대구광역시 동구 안심뉴타운7로 13 (율암동,대구파라곤프레스티지)",35.88453,128.61454500000002
대구광역시,동구,국공립,푸르지오리움어린이집,053-962-0036,"대구광역시 동구 화랑로108길 42 (용계동,용계역푸르지오아츠베르1단지)",35.884629999999994,128.61464500000002
대구광역시,동구,국공립,푸르지오새싹어린이집,053-963-2956,"대구광역시 동구 화랑로108길 46 (용계동,용계역푸르지오아츠베르2단지)",35.88473,128.614745
대구광역시,동구,민간,동서어린이집,053-964-5838,"대구광역시 동구 화랑로100길 17 단지내(용계동, 강변동서마을)",35.884829999999994,128.614845
대구광역시,동구,민간,프라디움도토리어린이집,053-710-2507,"대구광역시 동구 반야월로 35 (용계동, 율하시티프라디움)",35.8720241,128.716558
대구광역시,동구,가정,함초롱어린이집,053-963-1088,대구광역시 동구 반야월로 52 1층 (용계동),35.88502999999999,128.615045
대구광역시,동구,국공립,삼정해든어린이집,053-961-7755,"대구광역시 동구 반야월북로 355 (괴전동,안심역삼정그린코아더베스트)",35.872765,128.7186451
대구광역시,동구,국공립,코오롱하늘숲어린이집,053-962-1500,"대구광역시 동구 금강로21길 30 (괴전동, 안심역코오롱하늘채)",35.8660636,128.7329867
대구광역시,동구,민간,상록푸른숲어린이집,053-965-2008,"대구광역시 동구 동호로 47 관리동(동호동, 상록아파트)",35.885329999999996,128.61534500000002
대구광역시,동구,민간,아이솔어린이집,053-961-4545,"대구광역시 동구 동호로 132 관리동 (신서동, 영조아름다운나날3단지)",35.88543,128.61544500000002
대구광역시,동구,민간,영조예설어린이집,053-961-5595,"대구광역시 동구 안심로 402 (신서동, 영조아름나운나날1단지)",35.8672398,128.6964944
대구광역시,동구,민간,우방꽃가람어린이집,053-964-8553,"대구광역시 동구 금강로21길 10 관리동(괴전동, 안심역우방아이유쉘)",35.88563,128.615645
대구광역시,동구,민간,재능어린이집,053-962-1544,"대구광역시 동구 동호로 88 관리동(신서동, 영조아름다운나날2단지)",35.885729999999995,128.615745
대구광역시,동구,가정,그린어린이집,053-753-9579,"대구광역시 동구 동호로 47 203동 109호(동호동, 상록아이투빌)",35.88583,128.615845
대구광역시,동구,가정,대경어린이집,053-961-9369,"대구광역시 동구 안심로 400 106동 103호(신서동, 대경넥스빌아파트)",35.885929999999995,128.615945
대구광역시,동구,가정,상록꼬꼬마어린이집,053-963-1237,"대구광역시 동구 동호로 47 202동 107호(동호동, 동호상록아이투빌)",35.88603,128.616045
대구광역시,동구,가정,새아이사랑어린이집,053-961-9211,"대구광역시 동구 동호로 88 201동 103호(신서동, 영조아름다운나날2단지)",35.886129999999994,128.61614500000002
대구광역시,동구,가정,애플트리어린이집,053-962-7942,"대구광역시 동구 동호로 132 307동 107호(신서동, 영조아름다운나날3단지)",35.88623,128.61624500000002
대구광역시,동구,국공립,서한빛담어린이집,053-962-5959,"대구광역시 동구 반야월북로 167 (각산동, 각산서한이다음)",35.8738182,128.7181308
대구광역시,동구,사회복지법인,도담어린이집,053-961-6161,대구광역시 동구 경안로101길 14-2 (서호동),35.867322,128.7108579
대구광역시,동구,사회복지법인,린덴어린이집,053-961-1359,대구광역시 동구 신서로 71-80 (각산동),35.8722433,128.7239594
대구광역시,동구,사회복지법인,예쁜어린이집,053-964-4111,대구광역시 동구 반야월북로55길 45 (신서동),35.8737473,128.7284295
대구광역시,동구,법인.단체등,종교법인반야월중앙어린이집,053-963-3911,대구광역시 동구 경안로101길 46 (서호동),35.867322,128.7108579
대구광역시,동구,민간,데시앙키즈어린이집,053-270-2900,"대구광역시 동구 반야월북로 123 109동내(각산동, 각산태영데시앙)",35.886829999999996,128.616845
대구광역시,동구,민간,동호어린이집,053-962-0952,대구광역시 동구 안심로51길 120 동호어린이집 (동호동),35.88693,128.61694500000002
대구광역시,동구,민간,새한별어린이집,053-963-4927,대구광역시 동구 경안로105길 53 (서호동),35.8699146,128.7112923
대구광역시,동구,민간,성지어린이집,053-964-3778,대구광역시 동구 경안로 816 (각산동),35.8862229,128.7189855
대구광역시,동구,민간,신서화성파크드림어린이집,053-270-0330,"대구광역시 동구 반야월북로 221 105동(신서동, 신서화성파크드림아파트)",35.887229999999995,128.61724500000003
대구광역시,동구,민간,썸머힐어린이집,053-964-9500,대구광역시 동구 반야월북로27길 7-1 (각산동),35.8743388,128.7125427
대구광역시,동구,민간,큰사랑어린이집,053-964-6020,대구광역시 동구 반야월북로 263 (신서동),35.8734414,128.7253529
대구광역시,동구,민간,킨더리베어린이집,053-962-3960,"대구광역시 동구 반야월북로 251 단지내(신서동,신서그린빌아파트)",35.88753,128.617545
대구광역시,동구,가정,아림어린이집,053-965-7940,"대구광역시 동구 반야월로 370 303동(신서동, 신서동 신일해피트리)",35.887629999999994,128.617645
대구광역시,동구,가정,아이세상어린이집,053-962-1080,대구광역시 동구 반야월북로 269-20 (신서동),35.8734414,128.7253529
대구광역시,동구,가정,예담어린이집,053-961-7942,"대구광역시 동구 반야월북로 221 108동 101호 (신서동, 신서화성파크드림아파트)",35.887829999999994,128.61784500000002
대구광역시,동구,가정,예원어린이집,053-963-2822,"대구광역시 동구 안심로73길 22 단지내(신서동, 신서롯데캐슬레전드)",35.88793,128.61794500000002
대구광역시,동구,가정,푸르지오아트어린이집,053-961-2070,"대구광역시 동구 경안로 822 207동 101호(각산동, 각산푸르지오2단지아파트)",35.88802999999999,128.61804500000002
대구광역시,동구,직장,대구동부경찰서어린이집,053-965-7555,대구광역시 동구 반야월북로 209 (각산동),35.8738182,128.7181308
대구광역시,동구,사회복지법인,동대구어린이집,053-986-0079,대구광역시 동구 해동로6길 17 (지저동),35.8953365,128.636428
대구광역시,동구,민간,행복나무어린이집,053-983-5501,대구광역시 동구 공항로50길 75 (지저동),35.8949482,128.6395738
대구광역시,동구,사회복지법인,사회복지법인방촌어린이집,053-985-4418,대구광역시 동구 동촌로41길 34-4 (방촌동),35.8850072,128.6644688
대구광역시,동구,가정,숲소리어린이집,053-984-3177,대구광역시 동구 신평로 47,35.8790443,128.6778596
대구광역시,동구,직장,보라매어린이집,053-985-4700,대구광역시 동구 둔산로68길 32 (둔산동),35.88863,128.61864500000001
대구광역시,동구,국공립,사복행복마을 어린이집,053-267-7617,"대구광역시 동구 메디밸리로 18 (사복동, 천년나무10단지)",35.8758228,128.7493923
대구광역시,동구,국공립,새론어린이집,053-965-8682,"대구광역시 동구 과학로 45 (각산동, 대구혁신LH5단지)",35.8798924,128.7164236
대구광역시,동구,국공립,서한가온어린이집,053-965-2600,"대구광역시 동구 이노밸리로29길 34 (각산동, 대구혁신서한이다음2차)",35.8808684,128.7129558
대구광역시,동구,국공립,숙천다솜어린이집,053-965-9631,"대구광역시 동구 초례로 66 (숙천동, 대구혁신천년나무13단지",35.88903,128.619045
대구광역시,동구,국공립,혁신천년나무어린이집,053-965-3345,"대구광역시 동구 과학로 23 (각산동, 대구혁신천년나무6단지)",35.8813317,128.7156118
대구광역시,동구,민간,꿈빛어린이집,053-963-1157,"대구광역시 동구 경안로 956 관리동 (각산동, 대구혁신LH4단지)",35.88923,128.619245
대구광역시,동구,민간,바움어린이집,053-953-6400,대구광역시 동구 메디밸리로8길 11 (사복동),35.889329999999994,128.619345
대구광역시,동구,민간,봄소리어린이집,053-965-2040,"대구광역시 동구 혁신대로 450 (대림동, 대구혁신센텀힐즈)",35.8827433,128.7063058
대구광역시,동구,민간,서한이다음어린이집,053-964-0110,"대구광역시 동구 이노밸리로29길 56 203동 1층(각산동, 대구혁신도시서한이다음)",35.88952999999999,128.61954500000002
대구광역시,동구,민간,웃는아이어린이집,053-963-2220,"대구광역시 동구 과학로13길 30 (각산동, 대구혁신천년나무3단지)",35.888143,128.7165889
대구광역시,동구,민간,큰솔빅스맘어린이집,053-963-7070,"대구광역시 동구 혁신대로 504 (사복동, 서한e스테이)",35.874712,128.742311
대구광역시,동구,민간,효담어린이집,053-965-4521,"대구광역시 동구 혁신대로 443 단지내 (대림동, 서한이다음3차)",35.889829999999996,128.61984500000003
대구광역시,동구,가정,예쁜별어린이집,053-963-3438,"대구광역시 동구 메디밸리로 35 806동 106호(사복동, 대구혁신이노힐즈)",35.88993,128.619945
대구광역시,동구,가정,이노힐즈어린이집,053-214-7733,"대구광역시 동구 메디밸리로 35 (사복동, 대구혁신LH이노힐즈)",35.8758228,128.7493923
대구광역시,동구,직장,대구혁신도시 큰나래어린이집,053-964-5500,대구광역시 동구 첨복로 51 (신서동),35.8813468,128.7360262
대구광역시,동구,직장,신용보증기금어린이집,053-430-4570,대구광역시 동구 첨단로 7 (신서동),35.8819672,128.7312986
대구광역시,동구,직장,한국가스공사 늘푸른어린이집,053-964-1312,대구광역시 동구 동내로20길 34 (동내동),35.89033,128.62034500000001
대구광역시,동구,직장,한국부동산원 한누리어린이집,053-663-8123,대구광역시 동구 이노밸리로 291 한국부동산원 1층(신서동),35.890429999999995,128.62044500000002
대구광역시,동구,국공립,동문어린이집,053-958-0156,대구광역시 동구 아양로40길 30 (효목동),35.8845285,128.6356473
대구광역시,동구,민간,병아리어린이집,053-958-8584,대구광역시 동구 화랑로41길 2 (효목동),35.8804331,128.6467028
대구광역시,동구,민간,세원어린이집,053-951-7447,대구광역시 동구 효목로17길 50 (효목동),35.8814624,128.641172
대구광역시,동구,민간,한솔어린이집,053-956-6273,대구광역시 동구 아양로46길 100 (효목동),35.8851708,128.6386174
대구광역시,동구,국공립,푸르지오로이어린이집,053-755-1230,"대구광역시 동구 효목로5길 55 105동(효목동,동대구푸르지오브리센트아파트)",35.89093,128.620945
대구광역시,동구,국공립,행복한비스타어린이집,053-219-1114,"대구광역시 동구 화랑로25길 60 (효목동, 동대구2차비스타동원)",35.8770063,128.6409011
대구광역시,동구,국공립,효목2동어린이집,053-746-5558,대구광역시 동구 화랑로25길 45 효목2동행정복지센터 1층 (효목동),35.89113,128.621145
대구광역시,동구,민간,딩동댕어린이집,053-754-1231,대구광역시 동구 효목로1길 85 (효목동),35.8759792,128.6379999
대구광역시,동구,민간,메트로페찌어린이집,053-759-0808,"대구광역시 동구 동북로 500 관리동 (효목동,태왕메트로시티)",35.891329999999996,128.62134500000002
대구광역시,동구,민간,효목어린이집,053-743-1911,대구광역시 동구 효목로13길 23 (효목동),35.87972,128.640523
대구광역시,동구,가정,민들레 어린이집,053-741-6585,"대구광역시 동구 동북로 500 109동 107호(효목동, 태왕메트로시티)",35.891529999999996,128.62154500000003
대구광역시,서구,국공립,구립 분도어린이집,053-558-2645,대구광역시 서구 달구벌대로365길 3 (서구종합사회복지관내) (내당동),35.8622067,128.5638787
대구광역시,서구,국공립,구립 아이편한숲어린이집,053-554-0964,대구광역시 서구 달구벌대로361길 41,35.8605637,128.5620797
대구광역시,서구,민간,유라어린이집,053-562-4279,대구광역시 서구 서대구로6길 31-2 (내당동),35.8611383,128.5603303
대구광역시,서구,가정,해오름어린이집,053-556-7098,대구광역시 서구 통학로7길 19 (내당동),35.8633732,128.5625192
대구광역시,서구,직장,대구서부경찰서어린이집,053-565-3312,대구광역시 서구 통학로 33,35.8810332,128.5631696
대구광역시,서구,국공립,구립 위즈키즈어린이집,053-522-7953,대구광역시 서구 달서로5길 29,35.8642332,128.5699382
대구광역시,서구,사회복지법인,내당어린이집,053-558-3425,대구광역시 서구 달서로5길 11-10 (내당동),35.8642332,128.5699382
대구광역시,서구,민간,다인어린이집,053-523-0079,대구광역시 서구 달서로7길 9 (내당동),35.892329999999994,128.62234500000002
대구광역시,서구,민간,동아어린이집,053-571-3431,대구광역시 서구 큰장로9길 9 (내당동),35.8657738,128.5718791
대구광역시,서구,법인.단체등,기쁨어린이집,053-554-3511,대구광역시 서구 서대구로5길 63 (내당동),35.8593819,128.5493781
대구광역시,서구,민간,경운어린이집,053-557-7955,대구광역시 서구 평리로50길 7 (내당동),35.8606848,128.5507763
대구광역시,서구,가정,트리니티어린이집,053-555-1855,대구광역시 서구 서대구로3길 69 (내당동),35.8575785,128.5501001
대구광역시,서구,국공립,비산어린이집,053-565-6345,대구광역시 서구 북비산로59길 15-6 (비산동),35.8814262,128.5654003
대구광역시,서구,민간,늘푸른어린이집,053-559-0580,대구광역시 서구 달서로43길 22 (비산동),35.8817212,128.5705221
대구광역시,서구,민간,행복한사과나무어린이집,053-566-9023,대구광역시 서구 북비산로65길 47-1 (비산동),35.8830094,128.5691643
대구광역시,서구,사회복지법인,초롱어린이집,053-551-0020,대구광역시 서구 국채보상로83길 39-7 (비산동),35.8736574,128.5754834
대구광역시,서구,민간,아이성어린이집,053-563-7922,대구광역시 서구 국채보상로83길 49 (비산동),35.8736574,128.5754834
대구광역시,서구,국공립,비산4동어린이집,053-572-4451,대구광역시 서구 달서로18길 22 (비산동),35.8702542,128.5740682
대구광역시,서구,가정,꼬마대통령어린이집,053-523-0425,"대구광역시 서구 달서로17길 17 101동 105호(비산동, 한신휴플러스)",35.893429999999995,128.623445
대구광역시,서구,국공립,구립 인지어린이집,053-351-1259,대구광역시 서구 서대구로68길 12 (비산동),35.8882551,128.5668719
대구광역시,서구,민간,리라어린이집,053-351-6459,대구광역시 서구 서대구로68길 58-8 (비산동),35.8882551,128.5668719
대구광역시,서구,민간,푸른연세어린이집,053-555-0761,대구광역시 서구 문화로 321-1 (평리동),35.8760127,128.5600531
대구광역시,서구,국공립,별하늘어린이집,053-357-2405,대구광역시 서구 염색공단로9길 5-8 (비산동),35.8866819,128.5533385
대구광역시,서구,민간,행복이가득한어린이집,053-341-7179,대구광역시 서구 달서천로53길 18 (비산동),35.8877098,128.5617488
대구광역시,서구,국공립,구립 온누리어린이집,053-571-5557,대구광역시 서구 당산로47길 114 (중리동),35.8569841,128.5436812
대구광역시,서구,국공립,구립 중리캐슬어린이집,053-525-8253,대구광역시 서구 국채보상로34길 12 중리롯데캐슬 120동(중리동),35.89413,128.624145
대구광역시,서구,국공립,서대구어린이집,053-561-9059,대구광역시 서구 평리로35길 10 (중리동),35.8608433,128.5435817
대구광역시,서구,법인.단체등,근로복지공단대구어린이집,053-563-5172,대구광역시 서구 서대구로17길 28 (중리동),35.865075,128.5537434
대구광역시,서구,민간,더플로우어린이집,053-522-2280,대구광역시 서구 서대구로15길 32-14 (중리동),35.8637772,128.5545321
대구광역시,서구,민간,영재어린이집,053-557-0752,대구광역시 서구 평리로 146 (중리동),35.8662298,128.5632233
대구광역시,서구,가정,영재앙팡어린이집,053-525-0752,대구광역시 서구 평리로 166 (중리동),35.8667116,128.5648622
대구광역시,서구,가정,캐슬어린이집,053-522-1114,"대구광역시 서구 국채보상로34길 12 105동 102호(중리동, 중리롯데캐슬아파트)",35.894729999999996,128.62474500000002
대구광역시,서구,가정,튼튼아이어린이집,053-286-7979,"대구광역시 서구 국채보상로34길 12 118동 104호(중리동, 중리롯데캐슬아파트)",35.89483,128.62484500000002
대구광역시,서구,직장,대구의료원어린이집,053-552-3923,대구광역시 서구 평리로33길 13 (중리동),35.8601053,128.540905
대구광역시,서구,국공립,구립 서대구자이어린이집,053-352-3244,대구광역시 서구 고성로 33,35.8823123,128.5779942
대구광역시,서구,국공립,구립 성산어린이집,053-354-8310,대구광역시 서구 원대동3가 옥산로6길 9 (원대동3가),35.8861745,128.578399
대구광역시,서구,민간,자연아이숲어린이집,053-341-7877,대구광역시 서구 달서로56길 20 (원대동3가),35.8862683,128.5757576
대구광역시,서구,국공립,구립 궁전어린이집,053-558-6140,대구광역시 서구 국채보상로61길 24 (평리동),35.8738792,128.5645065
대구광역시,서구,국공립,구립 윤성어린이집,053-568-3464,대구광역시 서구 국채보상로60길 14,35.8700708,128.5640071
대구광역시,서구,사회복지법인,들마을어린이집,053-523-4500,대구광역시 서구 국채보상로60길 48-1 (평리동),35.8700708,128.5640071
대구광역시,서구,가정,사랑송송어린이집,053-959-4417,"대구광역시 서구 국채보상로 316 101동 108호 (평리동, 평리롯데캐슬)",35.89563,128.62564500000002
대구광역시,서구,국공립,구립 반도유보라어린이집,053-524-7979,대구광역시 서구 문화로 230,35.8760127,128.5600531
대구광역시,서구,민간,꿈동산어린이집,053-559-7304,대구광역시 서구 통학로31길 10 (평리동),35.8737076,128.5622899
대구광역시,서구,민간,민들레어린이집,053-551-9357,대구광역시 서구 서대구로42길 15 (평리동),35.8770378,128.5579544
대구광역시,서구,민간,창의나라어린이집,053-525-7922,대구광역시 서구 문화로51길 9 (평리동),35.8764056,128.5607528
대구광역시,서구,국공립,구립 아이꿈어린이집,053-561-4529,대구광역시 서구 평리로55길 24 (평리동),35.866308,128.5535355
대구광역시,서구,민간,글나라어린이집,053-559-0111,대구광역시 서구 국채보상로46길 31-27 (평리동),35.8662377,128.5574853
대구광역시,서구,민간,라온어린이집,053-558-4000,대구광역시 서구 국채보상로46길 49-11 (평리동),35.8662377,128.5574853
대구광역시,서구,민간,라임나무어린이집,053-565-7977,대구광역시 서구 통학로23길 10-1 (평리동),35.8707687,128.5614307
대구광역시,서구,민간,애림어린이집-영아,053-564-9996,대구광역시 서구 국채보상로46길 37-11 (평리동),35.8662377,128.5574853
대구광역시,서구,민간,푸르지오2어린이집,053-551-4556,대구광역시 서구 국채보상로50길 20 푸르지오2단지 관리동,35.896629999999995,128.62664500000002
대구광역시,서구,민간,푸르지오어린이집,053-553-4556,대구광역시 서구 국채보상로50길 20 1단지 관리동,35.89673,128.626745
대구광역시,서구,가정,세인어린이집,053-527-5607,대구광역시 서구 국채보상로50길 20 평리푸르지오 104동 101호,35.896829999999994,128.626845
대구광역시,서구,가정,이레어린이집,053-525-7676,"대구광역시 서구 국채보상로50길 20 (203동103호,평리푸르지오)",35.8701963,128.5581613
대구광역시,서구,국공립,구립 달빛어린이집,053-281-8400,"대구광역시 서구 서대구로29길 30 721동 (평리동, 서대구역화성파크드림)",35.897029999999994,128.627045
대구광역시,서구,국공립,구립 서한이다음어린이집,053-216-1004,대구광역시 서구 국채보상로37길 38,35.8702863,128.5511183
대구광역시,서구,국공립,구립 화성파크드림어린이집,053-567-0505,대구광역시 서구 서대구로29길 30,35.87062,128.5512472
대구광역시,서구,국공립,구립센텀화성파크드림어린이집,053-522-3222,"대구광역시 서구 문화로 150 (평리동,서대구역센텀화성파크드림)",35.8734697,128.5348305
대구광역시,서구,민간,시온어린이집,053-568-0116,대구광역시 서구 국채보상로37길 38 서대구역서한이다음더퍼스트 2단지내,35.89743,128.62744500000002
대구광역시,서구,국공립,구립 영무예다음어린이집,053-564-5768,대구광역시 서구 당산로 446,35.8562004,128.5484536
대구광역시,서구,사회복지법인,신애어린이집,053-567-2595,대구광역시 서구 북비산로33길 9-2 (평리동),35.8805444,128.5511307
대구광역시,남구,사회복지법인,화랑어린이집,053-627-1633,대구광역시 남구 두류공원로13길 27-5,35.8426653,128.5690844
대구광역시,남구,국공립,백설어린이집,053-625-2437,대구광역시 남구 대명남로 10-2,35.8356658,128.5744291
대구광역시,남구,사회복지법인,박애어린이집,053-656-0347,대구광역시 남구 대명서2길 45 (대명동),35.8317661,128.5618535
대구광역시,남구,사회복지법인,남도어린이집,053-653-0906,대구광역시 남구 장전3길 132 (대명동),35.8418631,128.575105
대구광역시,남구,민간,무궁화어린이집,053-626-1144,대구광역시 남구 장전1길 221 (대명동),35.8423616,128.5738844
대구광역시,남구,민간,병아리어린이집,053-653-2293,대구광역시 남구 현충로25길 42-9 (대명동),35.8445545,128.5766799
대구광역시,남구,국공립,뉴센트원어린이집,053-475-0066,대구광역시 남구 중앙대로 187 1층 교대역하늘채뉴센트원,35.898329999999994,128.62834500000002
대구광역시,남구,사회복지법인,경북어린이집,053-473-6796,대구광역시 남구 중앙대로40길 10-1,35.8500672,128.592791
대구광역시,남구,사회복지법인,유리어린이집,053-475-7733,대구광역시 남구 중앙대로38길 17 남구종합사회복지관 3층 (대명동),35.898529999999994,128.628545
대구광역시,남구,가정,킨더어린이집,053-621-1885,대구광역시 남구 이천로19길 81 교대역동서프라임36.5 104동101호,35.89863,128.628645
대구광역시,남구,사회복지법인,양지어린이집,053-626-6260,대구광역시 남구 삼각지6길 16 (대명동),35.8513313,128.5825327
대구광역시,남구,국공립,뉴다솔어린이집,053-653-2555,대구광역시 남구 성당로34길 36,35.8474701,128.5708657
대구광역시,남구,법인.단체등,가톨릭소화어린이집,053-656-0561,대구광역시 남구 현충로39길 74 (대명동),35.8503209,128.578634
대구광역시,남구,민간,소망어린이집,053-652-1144,대구광역시 남구 두류공원로20길 61 (대명동),35.846391,128.5706259
대구광역시,남구,가정,무지개어린이집,053-651-1388,대구광역시 남구 대경6길 9-54 (대명동),35.8472214,128.5753926
대구광역시,남구,직장,아마레어린이집,053-656-9025,대구광역시 남구 두류공원로17길 33 (대명동),35.8447455,128.5679225
대구광역시,남구,국공립,힐스테이트대명센트럴어린이집,053-657-0353,"대구광역시 남구 대명로 256 (대명동, 힐스테이트 대명센트럴)",35.8387028,128.5606358
대구광역시,남구,사회복지법인,보물섬어린이집,053-624-4346,대구광역시 남구 대명로49길 9-5,35.844747,128.5824435
대구광역시,남구,직장,대구남부경찰서어린이집,053-651-2221,대구광역시 남구 대명로 249 대구남부경찰서,35.8429297,128.5835917
대구광역시,남구,직장,영남이공대학교어린이집,053-650-9760,대구광역시 남구 현충로 170 영남이공대학교 인애관1층,35.899629999999995,128.629645
대구광역시,남구,국공립,비타민어린이집,053-656-0011,대구광역시 남구 안지랑로 73 리슈빌앤리마크아파트 1단지 102/1층 내,35.89973,128.629745
대구광역시,남구,국공립,센트럴별하어린이집,053-657-2951,대구광역시 남구 대명로14길 60 대명역센트럴엘리프,35.899829999999994,128.62984500000002
대구광역시,남구,사회복지법인,대명어린이집,053-625-1331,대구광역시 남구 대명역1길 53 (대명동),35.8385929,128.5663117
대구광역시,남구,민간,노벨어린이집,053-654-6110,대구광역시 남구 대명로14길 29 (대명동),35.8360138,128.5647897
대구광역시,남구,법인.단체등,요한바오로2세어린이집,053-627-4006,대구광역시 남구 현충로 2 (대명동),35.8549089,128.5830708
대구광역시,남구,민간,꿈어린이집,053-622-6966,대구광역시 남구 대명남로 164-2,35.8313206,128.5573811
대구광역시,남구,협동,하늘꿈어린이집,053-651-5996,대구광역시 남구 큰골7길 23-9 (대명동),35.8350905,128.5833702
대구광역시,남구,국공립,봉덕어린이집,053-473-2209,대구광역시 남구 봉덕로5길 20 (봉덕동),35.8461956,128.5933294
대구광역시,남구,국공립,봉명어린이집,053-474-5510,대구광역시 남구 봉덕로19길 29-1,35.8467909,128.5988494
대구광역시,남구,국공립,예다음어린이집,053-247-3357,대구광역시 남구 대봉로 12 앞산봉덕영무예다음 107동 1층,35.90063,128.63064500000002
대구광역시,남구,국공립,우리아이어린이집,053-214-5500,"대구광역시 남구 신촌길 57 (봉덕동, 앞산비스타동원)",35.8382671,128.6004053
대구광역시,남구,국공립,초록빛어린이집,053-471-7001,대구광역시 남구 고산2길 60-9 (봉덕동),35.8332352,128.6024351
대구광역시,남구,국공립,화성파크어린이집,053-243-0365,대구광역시 남구 대봉로14길 30 봉덕화성파크드림 1차 203동 1층,35.900929999999995,128.63094500000003
대구광역시,남구,민간,꼬마또래어린이집,053-473-0495,대구광역시 남구 효동2길 16 (봉덕동),35.90103,128.631045
대구광역시,남구,국공립,으뜸아이어린이집,053-477-6866,대구광역시 남구 효서길 53 앞산태왕아너스 106동 1층,35.901129999999995,128.631145
대구광역시,남구,사회복지법인,새롬어린이집,053-473-1141,대구광역시 남구 이천로9길 48 (봉덕동),35.8442878,128.5962609
대구광역시,남구,사회복지법인,참좋은어린이집,053-474-0256,"대구광역시 남구 중앙대로 126 (봉덕동, 1층)",35.8427944,128.5904219
대구광역시,남구,국공립,더플로우어린이집,053-471-1007,대구광역시 남구 대봉로30길 40,35.8518149,128.6044829
대구광역시,남구,국공립,수정어린이집,053-471-8140,대구광역시 남구 명덕로68길 79 이천주공1단지,35.901529999999994,128.63154500000002
대구광역시,남구,국공립,푸르지오바움어린이집,053-262-7704,"대구광역시 남구 이천로19길 16 (이천동, 교대역푸르지오트레힐즈)",35.8511128,128.5951933
대구광역시,남구,사회복지법인,청동어린이집,053-473-3593,대구광역시 남구 이천로28길 42-33 (이천동 318-1),35.8546496,128.6002576
대구광역시,남구,사회복지법인,호동어린이집,053-471-8553,대구광역시 남구 희망로5길 19 (이천동),35.8483861,128.6007255
대구광역시,남구,민간,어울림어린이집,053-472-7727,"대구광역시 남구 대봉로30길 12 (이천동, 대봉교역금호어울림에듀리버)",35.8518149,128.6044829
대구광역시,남구,민간,이솝어린이집,053-473-2227,대구광역시 남구 희망로 31 (이천동),35.8474766,128.6057999
대구광역시,북구,국공립,디아너스오페라어린이집,053-357-9212,"대구광역시 북구 칠성남로 10 (고성동1가,태왕디아너스오페라)",35.876897,128.5974803
대구광역시,북구,국공립,스위첸어린이집,053-716-0007,"대구광역시 북구 칠성남로 70 (고성동1가, 대구오페라스위첸)",35.8799714,128.5841175
대구광역시,북구,국공립,오페라숲어린이집,053-341-2525,대구광역시 북구 고성북로 34 오페라트루엘 시민의숲 아파트 단지 내,35.90233,128.63234500000002
대구광역시,북구,국공립,해오름더블유어린이집,053-353-3777,"대구광역시 북구 칠성남로 50 (고성동, 대구역오페라더블유아파트)",35.8783757,128.5917403
대구광역시,북구,국공립,힐스테이트꿈드림어린이집,053-710-6086,"대구광역시 북구 칠성남로 30 (고성동1가, 힐스테이트대구역오페라)",35.8783757,128.5917403
대구광역시,북구,민간,아이별어린이집,053-356-5733,대구광역시 북구 고성로34길 63 (고성동2가),35.879908,128.5861824
대구광역시,북구,민간,오페라센텀어린이집,053-631-0520,대구광역시 북구 고성로37길 1 오페라 센텀파크 서한이다음아파트 관리동,35.90273,128.632745
대구광역시,북구,민간,하늘어린이집,053-351-1727,대구광역시 북구 고성로34길 90 (고성동1가),35.879908,128.5861824
대구광역시,북구,민간,흰돌어린이집,053-353-4922,대구광역시 북구 고성로 148-1,35.8816433,128.5823534
대구광역시,북구,국공립,금호누리어린이집,053-311-7557,대구광역시 북구 내곡로 90 서희스타힐스테이아파트 단지 내,35.903029999999994,128.633045
대구광역시,북구,국공립,금호천년나무어린이집,053-313-3467,대구광역시 북구 한강로 55 금호LH천년나무1단지 내,35.90313,128.633145
대구광역시,북구,국공립,금호청라어린이집,053-214-6800,대구광역시 북구 내곡로 69 금호LH 천년나무 5단지 내,35.90322999999999,128.63324500000002
대구광역시,북구,국공립,금호청솔어린이집,053-267-3547,대구광역시 북구 내곡로 15 금호LH천년나무8단지 내,35.90333,128.63334500000002
대구광역시,북구,국공립,스타힐스어린이집,053-325-8832,대구광역시 북구 내곡로 70 서희스타힐스아파트 단지 내,35.90342999999999,128.63344500000002
대구광역시,북구,국공립,이스턴팰리스어린이집,053-742-8801,"대구광역시 북구 매전로4길 31 (매천동,한신더휴이스턴팰리스)",35.9078347,128.5430114
대구광역시,북구,국공립,한신더휴 팰리스 어린이집,053-261-3131,"대구광역시 북구 매전로4길 32 (매천동,한신더휴 웨스턴팰리스)",35.9072958,128.5423307
대구광역시,북구,민간,e편한꿈꾸는어린이집,053-323-7271,"대구광역시 북구 내곡로 49 관리동(사수동,이편한세상대구금호)",35.903729999999996,128.633745
대구광역시,북구,민간,늘해랑어린이집,053-311-1104,"대구광역시 북구 한강로 17 관리동(사수동,금호서한이다음)",35.90383,128.633845
대구광역시,북구,민간,미소담어린이집,053-326-0579,대구광역시 북구 매전로4길 10-20,35.9080649,128.5425753
대구광역시,북구,민간,브라운스톤어린이집,053-313-0507,"대구광역시 북구 내곡로 89 (사수동,브라운스톤 강북)",35.9038134,128.5155872
대구광역시,북구,민간,수정어린이집,053-311-0822,대구광역시 북구 매천로2길 19 두산위브2001내,35.904129999999995,128.63414500000002
대구광역시,북구,가정,The사랑어린이집,053-312-4512,"대구광역시 북구 매전로4길 9 202동 101호(매천동, 대구매천휴먼시아2아파트)",35.90423,128.63424500000002
대구광역시,북구,민간,하늘정원어린이집,053-219-5610,대구광역시 북구 관음동로17길 13 (관음동),35.9401333,128.545274
대구광역시,북구,가정,은초롱어린이집,053-313-3545,"대구광역시 북구 구암로 17 214동 102호(관음동, 한양수정아파트)",35.90443,128.634445
대구광역시,북구,협동,딱지와구슬어린이집,053-321-8477,대구광역시 북구 관음동로13길 13-22 (읍내동),35.9385414,128.5457921
대구광역시,북구,사회복지법인,천마어린이집,053-321-1050,대구광역시 북구 학정로48길 39 (구암동),35.90463,128.634645
대구광역시,북구,민간,그린빌어린이집,053-325-4546,"대구광역시 북구 구암서로 41 (구암동,그린빌3차아파트 관리동)",35.9386827,128.5656396
대구광역시,북구,민간,미래어린이집,053-321-1948,대구광역시 북구 팔거천동로 52 미래타운내 (구암동),35.90483,128.634845
대구광역시,북구,민간,세윤어린이집,053-326-0053,대구광역시 북구 구암서로 22 주공그린빌4단지 내 (구암동),35.90492999999999,128.63494500000002
대구광역시,북구,민간,아이러브어린이집,053-321-8131,대구광역시 북구 구암로49길 10 내 (구암동),35.90503,128.63504500000002
대구광역시,북구,민간,아이세상어린이집,053-270-7677,대구광역시 북구 구암서로 7 부영3단지 내,35.90513,128.63514500000002
대구광역시,북구,민간,영재그린빌어린이집,053-324-8442,"대구광역시 북구 구암서로 70 (구암동,그린빌2차 관리동 내)",35.9386827,128.5656396
대구광역시,북구,가정,도담도담어린이집,053-325-3565,"대구광역시 북구 대천로 132 1층(구암동, 부영아파트5단지내 관리동)",35.90533,128.635345
대구광역시,북구,가정,도토리어린이집,053-324-7721,"대구광역시 북구 구암서로 70 204동 101호(구암동, 그린빌2차아파트)",35.905429999999996,128.635445
대구광역시,북구,가정,작은나무어린이집,053-322-7955,"대구광역시 북구 대천로 132 504동 101호(구암동, 부영아파트5단지)",35.90553,128.635545
대구광역시,북구,가정,하늘꿈어린이집,053-322-9483,"대구광역시 북구 구암로32길 14 103동 102호(구암동, 서한3차타운)",35.905629999999995,128.635645
대구광역시,북구,직장,대구강북경찰서어린이집,053-313-2031,대구광역시 북구 동암로 130 대구강북경찰서어린이집,35.90573,128.63574500000001
대구광역시,북구,국공립,느티나무어린이집,053-323-3578,대구광역시 북구 도남길 45-10 (국우동),35.9630393,128.5854102
대구광역시,북구,국공립,도남숲1단지어린이집,053-324-9900,대구광역시 북구 도남길 76 힐스테이트데시앙도남1단지 내,35.90593,128.63594500000002
대구광역시,북구,국공립,도남숲2단지어린이집,053-312-2500,대구광역시 북구 도남길 16 힐스테이트데시앙도남2단지 내,35.906029999999994,128.63604500000002
대구광역시,북구,국공립,도남숲3단지어린이집,053-312-5600,대구광역시 북구 도남중앙로7길 7 힐스테이트데시앙도남3단지 내,35.90613,128.636145
대구광역시,북구,국공립,도남숲4단지어린이집,053-312-2200,대구광역시 북구 도남중앙로8길 8 힐스테이트데시앙도남4단지 내,35.906229999999994,128.636245
대구광역시,북구,국공립,도남키즈어린이집,053-324-0624,대구광역시 북구 도남중앙로22길 10 도남키즈어린이집,35.90633,128.636345
대구광역시,북구,국공립,도남행복어린이집,053-312-3900,대구광역시 북구 도남길 96 (도남A1블록),35.9630393,128.5854102
대구광역시,북구,국공립,해바라기어린이집,053-326-7737,대구광역시 북구 학정동로 10 칠곡그린빌6단지 내,35.90653,128.636545
대구광역시,북구,사회복지법인,강북어린이집,053-313-1144,대구광역시 북구 동호안길 38 (동호동),35.90663,128.63664500000002
대구광역시,북구,사회복지법인,학남어린이집,053-325-2772,대구광역시 북구 주좌길 34 (학정동),35.9495722,128.5688992
대구광역시,북구,사회복지법인,해와달어린이집,053-325-0142,대구광역시 북구 도남길 57-1 해와달어린이집 (국우동),35.90683,128.63684500000002
대구광역시,북구,민간,반디어린이집,053-322-6969,대구광역시 북구 학정동로 84 (학정동),35.9477606,128.5673922
대구광역시,북구,민간,청아람어린이집,053-323-7179,대구광역시 북구 학정로110길 29 학정 청아람 아파트 단지내 (학정동),35.90703,128.637045
대구광역시,북구,가정,꼬마별어린이집,053-323-4958,"대구광역시 북구 학정동로 7 104동 104호(국우동, 부영아파트)",35.907129999999995,128.637145
대구광역시,북구,가정,시안어린이집,053-324-1919,대구광역시 북구 학정동로 7 부영1차 관리사무소 내,35.90723,128.637245
대구광역시,북구,직장,강철직장어린이집,053-313-6755,대구광역시 북구 구리로 183-28 강철직장어린이집,35.907329999999995,128.637345
대구광역시,북구,직장,칠곡경북대학교병원어린이집,053-312-9008,대구광역시 북구 호국로 807-3 칠곡경북대학교 병원 옆,35.90743,128.637445
대구광역시,북구,민간,북구청역푸르지오어린이집,053-285-9636,"대구광역시 북구 침산남로 30 102동(노원동1가, 북구청역푸르지오에듀포레)",35.907529999999994,128.63754500000002
대구광역시,북구,민간,행복꿈터어린이집,053-341-3415,대구광역시 북구 노원로10길 40 대구노원한신더휴아파트 단지내,35.90763,128.63764500000002
대구광역시,북구,사회복지법인,리라어린이집,053-956-3311,대구광역시 북구 대현로21길 52 (대현동),35.8850624,128.607622
대구광역시,북구,사회복지법인,혜성어린이집,053-954-6662,대구광역시 북구 신천동로148길 55 (대현동),35.8846728,128.6035645
대구광역시,북구,민간,대교어린이집,053-954-0033,대구광역시 북구 대현로15길 19 (대현동),35.8840864,128.6086347
대구광역시,북구,민간,대현휴먼시아어린이집,053-939-9987,대구광역시 북구 대현남로 25 대현휴먼시아아파트단지내 (대현동),35.90803,128.638045
대구광역시,북구,민간,무지개숲어린이집,053-939-1351,대구광역시 북구 대현남로6길 20,35.90813,128.638145
대구광역시,북구,민간,이편한세상어린이집,053-939-1775,대구광역시 북구 대현로10길 82 대현E-편한세상아파트 내 (대현동),35.908229999999996,128.638245
대구광역시,북구,가정,늘솔길어린이집,053-953-2717,대구광역시 북구 대현남로 28 105동 1층(대현뜨란채),35.90833,128.63834500000002
대구광역시,북구,민간,동화마을어린이집,053-324-0773,대구광역시 북구 동천로 156 동화골든빌내 (동천동),35.908429999999996,128.63844500000002
대구광역시,북구,민간,라율어린이집,053-325-7731,"대구광역시 북구 대천로 101 (동천동, 칠곡3차화성타운)",35.9368532,128.5595433
대구광역시,북구,민간,아라어린이집,053-326-2626,대구광역시 북구 동천로24길 12 아라어린이집 (동천동),35.908629999999995,128.63864500000003
대구광역시,북구,민간,아인슈타인 어린이집,053-322-6587,대구광역시 북구 동천로 5-13,35.9322663,128.5569379
대구광역시,북구,민간,예쁜딸기어린이집,053-321-1335,대구광역시 북구 동천로 155 동천동 칠곡네스빌 단지내,35.908829999999995,128.638845
대구광역시,북구,가정,꼬마랜드어린이집,053-323-0406,"대구광역시 북구 동천로 155 101동 109호(동천동, 칠곡네스빌1단지아파트)",35.90893,128.638945
대구광역시,북구,가정,네오빌튼튼어린이집,053-325-8070,대구광역시 북구 동천로 97 관리동,35.909029999999994,128.639045
대구광역시,북구,가정,동천어린이집,053-324-7679,"대구광역시 북구 동천로24길 12 208동 107호(동천동,부영e그린타운)",35.90913,128.639145
대구광역시,북구,가정,수진어린이집,053-262-1230,"대구광역시 북구 동천로 156 111동 105호(동천동, 동화골든빌아파트)",35.909229999999994,128.63924500000002
대구광역시,북구,가정,숲속몬테소리어린이집,053-268-4648,"대구광역시 북구 동천로24길 12 204동 107호(동천동, 부영e그린타운)",35.90933,128.63934500000002
대구광역시,북구,가정,아이보물섬어린이집,053-314-3720,대구광역시 북구 대천로 101 101동 109호 (동천동),35.90942999999999,128.63944500000002
대구광역시,북구,가정,해뜨는어린이집,053-326-9246,"대구광역시 북구 대천로 100 205동 102호(동천동, 화성센트럴파크아파트)",35.90953,128.639545
대구광역시,북구,국공립,로제비앙어린이집,053-986-1661,대구광역시 북구 동화천로 220,35.9430793,128.6245673
대구광역시,북구,국공립,북구어린이집,053-357-0095,대구광역시 북구 환성정길 17-2 (서변동),35.9246309,128.5933336
대구광역시,북구,국공립,아이위시드림어린이집,053-981-1004,"대구광역시 북구 동화천로 190 (연경동,연경동화아이위시아파트)",35.9430793,128.6245673
대구광역시,북구,국공립,연경숲어린이집,053-986-5800,"대구광역시 북구 연경중앙로 55 (연경동, 연경숲아파트)",35.9456786,128.6183095
대구광역시,북구,국공립,연경어린이집,053-986-8850,대구광역시 북구 동화천로 280 연경 LH 천년나무1단지 아파트 내,35.91003,128.64004500000001
대구광역시,북구,국공립,예미지행복어린이집,053-981-0202,"대구광역시 북구 연경중앙로 11 (연경동,연경 금성백조예미지숲속의아침)",35.9456786,128.6183095
대구광역시,북구,국공립,우방아이숲어린이집,053-981-8822,"대구광역시 북구 연경중앙로11길 33 (연경동, 우방아이유쉘)",35.9460989,128.6158261
대구광역시,북구,국공립,조야어린이집,053-951-2857,대구광역시 북구 고촌길 15-6,35.9112362,128.5904165
대구광역시,북구,사회복지법인,무태어린이집,053-951-2700,대구광역시 북구 서변로3길 79-8,35.9239172,128.5957402
대구광역시,북구,사회복지법인,새동변어린이집,053-951-0070,대구광역시 북구 동변로18길 25 새동변어린이집 (동변동),35.910529999999994,128.640545
대구광역시,북구,민간,누리마루어린이집,053-951-1598,대구광역시 북구 서변로3길 57-19,35.9219113,128.5949609
대구광역시,북구,민간,들꽃어린이집,053-955-5464,"대구광역시 북구 동변로 24 218동(동변동, 유니버시아드선수촌)",35.910729999999994,128.640745
대구광역시,북구,민간,서변어린이집,053-951-2220,대구광역시 북구 호국로57길 20 서변청아람 내 (서변동),35.91083,128.640845
대구광역시,북구,민간,초록숲어린이집,053-955-9010,대구광역시 북구 동변로 55 (동변동),35.921143,128.6020903
대구광역시,북구,민간,튼튼한어린이집,053-958-0071,대구광역시 북구 동변로20길 30-1,35.9215204,128.6032764
대구광역시,북구,가정,i정원어린이집,053-323-2134,"대구광역시 북구 연경중앙로 11 103동 103호 (연경동, 연경금성백조예미지 숲속의 아침)",35.91113,128.64114500000002
대구광역시,북구,가정,연경하이어린이집,053-216-2727,"대구광역시 북구 동화천로 220 103동 102호(연경동, 대광로제비앙)",35.911229999999996,128.64124500000003
대구광역시,북구,가정,우리뜰어린이집,053-242-0201,대구광역시 북구 서변로 26 월드메르디앙아파트 단지 내 (서변동),35.91133,128.641345
대구광역시,북구,가정,우주어린이집,053-944-1155,대구광역시 북구 서변로 50 화성리버파크2차아파트 관리동 (서변동),35.911429999999996,128.641445
대구광역시,북구,민간,요나어린이집,053-955-0265,대구광역시 북구 경대로23길 80-7 대구광역시 북구 경대로23길 80-7,35.91153,128.641545
대구광역시,북구,국공립,복현이편한세상어린이집,053-743-0113,대구광역시 북구 동북로 247 e편한세상복현아파트 단지내,35.911629999999995,128.641645
대구광역시,북구,국공립,복현자이어린이집,053-939-0365,대구광역시 북구 공항로 16,35.8977537,128.6160019
대구광역시,북구,국공립,아이파크어린이집,053-939-3009,대구광역시 북구 동북로 241 복현아이파크아파트,35.911829999999995,128.64184500000002
대구광역시,북구,민간,명문세가어린이집,053-383-8380,"대구광역시 북구 복현로 50 (복현동 , 명문세가 단지내)",35.8941688,128.624271
대구광역시,북구,민간,복현푸르지오어린이집,053-939-5339,"대구광역시 북구 동북로 345 (복현동, 복현푸르지오아파트단지내)",35.8989777,128.6115963
대구광역시,북구,민간,세계제일어린이집,053-383-1120,대구광역시 북구 복현로20길 73-1,35.8996649,128.6219992
대구광역시,북구,민간,예쁜-i어린이집,053-957-7872,대구광역시 북구 동북로57길 9-5,35.89397,128.6226419
대구광역시,북구,민간,칼라풀어린이집,053-943-4071,대구광역시 북구 복현로2길 34 (복현동),35.8927122,128.6234181
대구광역시,북구,가정,꼬마정원어린이집,053-383-0717,"대구광역시 북구 복현로 173 102동 105호(복현동, 복현화성)",35.91242999999999,128.642445
대구광역시,북구,가정,블루밍어린이집,053-939-0904,대구광역시 북구 복현로 71 복현블루밍브라운스톤명문세가101-102 (복현동),35.91253,128.642545
대구광역시,북구,가정,아너스어린이집,053-384-7219,"대구광역시 북구 복현로 105 101동 105호(복현동, 태왕아너스복현아파트)",35.91263,128.64264500000002
대구광역시,북구,가정,아이숲어린이집,053-955-2367,"대구광역시 북구 검단로 34 105동 102호(복현동, 청구아파트)",35.912729999999996,128.64274500000002
대구광역시,북구,국공립,꿈동산어린이집,053-381-9196,대구광역시 북구 연암로 183 (산격동),35.8935067,128.5940895
대구광역시,북구,국공립,아기둥지어린이집,053-383-8618,대구광역시 북구 동북로서37길 10 (산격동),35.8997231,128.6120276
대구광역시,북구,사회복지법인,나래영재어린이집,053-384-6565,대구광역시 북구 대불서길 18-6 나래영재어린이집 (산격동),35.91303,128.643045
대구광역시,북구,사회복지법인,한나어린이집,053-381-6420,대구광역시 북구 대불서길 5 (산격동),35.9041312,128.6124558
대구광역시,북구,가정,진수정어린이집,053-382-1183,대구광역시 북구 동북로 163 산격대우아파트 113동 1층(관리동),35.91323,128.643245
대구광역시,북구,민간,개나리어린이집,053-958-3526,대구광역시 북구 대학로13길 58-1,35.8926961,128.6076829
대구광역시,북구,민간,성모어린이집,053-955-5062,대구광역시 북구 대동로3길 5 (산격동),35.8983653,128.608699
대구광역시,북구,직장,경북대학교어린이집,053-950-5983,대구광역시 북구 대학로 80 206동(산격동),35.913529999999994,128.64354500000002
대구광역시,북구,국공립,연암동산어린이집,053-710-0064,"대구광역시 북구 연암로 40 시청별관, 110동",35.91363,128.64364500000002
대구광역시,북구,사회복지법인,영지어린이집,053-952-6533,대구광역시 북구 산격로서9길 6-1,35.8950812,128.6012221
대구광역시,북구,가정,연암어린이집,053-939-8436,대구광역시 북구 동북로26길 25-1 (산격동),35.9012202,128.6071336
대구광역시,북구,국공립,구수산숲어린이집,053-267-0678,"대구광역시 북구 구암로21길 37 (읍내동,화성파크드림구수산공원 아파트내)",35.9349682,128.5526082
대구광역시,북구,국공립,해링턴어린이집,053-215-2300,대구광역시 북구 관음로 295 학정역 효성해링턴 플레이스,35.91403,128.644045
대구광역시,북구,사회복지법인,사랑어린이집,053-325-8011,대구광역시 북구 칠곡중앙대로126길 3 (읍내동),35.9510523,128.5539389
대구광역시,북구,사회복지법인,한마음어린이집,053-322-9922,대구광역시 북구 대천로9길 11-17,35.9388713,128.5538568
대구광역시,북구,민간,새솔어린이집,053-325-1477,대구광역시 북구 동암로7길 39 (읍내동),35.9500514,128.5564582
대구광역시,북구,민간,움사랑생태어린이집,053-322-7900,대구광역시 북구 칠곡중앙대로86길 17-1,35.9333242,128.5510696
대구광역시,북구,민간,정원어린이집,053-313-6565,대구광역시 북구 칠곡중앙대로126길 21-24,35.9490177,128.5549685
대구광역시,북구,민간,프라임어린이집,053-313-2060,대구광역시 북구 칠곡중앙대로125길 7 SD프라임강북아파트 단지내,35.914629999999995,128.64464500000003
대구광역시,북구,민간,하늘숲어린이집,053-314-5959,대구광역시 북구 칠곡중앙대로 598 칠곡E-편한세상 110동 (읍내동),35.91473,128.644745
대구광역시,북구,가정,글로리아어린이집,053-324-3134,"대구광역시 북구 팔거천서로 181 104동 103호(읍내동, 럭키칠곡아파트)",35.914829999999995,128.644845
대구광역시,북구,가정,큰별어린이집,053-321-9006,대구광역시 북구 관음중앙로33길 3-9,35.9461032,128.5493328
대구광역시,북구,국공립,리틀한솔어린이집,053-341-0210,"대구광역시 북구 호암로 40 102동 103호(칠성동2가,삼성아파트)",35.915029999999994,128.645045
대구광역시,북구,사회복지법인,동광어린이집,053-425-3190,대구광역시 북구 칠성로19길 38 (칠성동2가),35.8795798,128.5994873
대구광역시,북구,사회복지법인,동광장애아어린이집,053-425-3192,대구광역시 북구 칠성로19길 38 (칠성동2가),35.8795798,128.5994873
대구광역시,북구,민간,그린아이어린이집,053-352-5222,"대구광역시 북구 침산로 100 (칠성동2가,오페라삼정그린코아더베스트)",35.9018822,128.5887348
대구광역시,북구,민간,예지어린이집,053-358-0577,"대구광역시 북구 칠성남로 101 (칠성동2가, 대구역서희스타힐스아파트)",35.8799714,128.5841175
대구광역시,북구,민간,오페라하늘채어린이집,053-253-0713,"대구광역시 북구 칠성동2가 중앙대로 540 (칠성동2가, 오페라코오롱하늘채 201동내)",35.8792786,128.5956326
대구광역시,북구,민간,푸르지오어린이집,053-354-1113,대구광역시 북구 침산로21길 23 침산1차 푸르지오 아파트 105동 보육시설 (칠성동2가),35.91562999999999,128.645645
대구광역시,북구,가정,EA영재어린이집,053-353-9997,대구광역시 북구 칠성동2가 칠성남로 101 101동 102호(칠성휴먼시아아파트),35.915729999999996,128.645745
대구광역시,북구,가정,래미안슐레어린이집,053-354-0900,"대구광역시 북구 호암로 40 107동 104호(칠성동2가, 삼성아파트)",35.91583,128.645845
대구광역시,북구,가정,사랑애어린이집,053-325-7942,"대구광역시 북구 칠성동2가 호암로 20 103동 102호 (칠성동, 성광우방아파트)",35.915929999999996,128.645945
대구광역시,북구,가정,삼성어린이집,053-354-7909,"대구광역시 북구 칠성남로 101 113동 102호(칠성동, 서희스타힐스)",35.91603,128.64604500000002
대구광역시,북구,가정,아이키즈어린이집,053-359-3595,대구광역시 북구 칠성남로 101 대구역 서희스타힐스 109동 101호,35.916129999999995,128.64614500000002
대구광역시,북구,직장,낙동강물사랑어린이집,053-668-1214,대구광역시 북구 중앙대로 500 한국수자원공사 낙동강유역본부 2층,35.91623,128.64624500000002
대구광역시,북구,민간,i숲담은어린이집,053-341-4848,대구광역시 북구 침산남로9길 41-32,35.891882,128.5822381
대구광역시,북구,민간,브레인아이어린이집,053-351-2599,대구광역시 북구 침산남로39길 12 (침산동),35.8877037,128.5971644
대구광역시,북구,민간,우정어린이집,053-352-7941,대구광역시 북구 중앙대로 617-27,35.8792786,128.5956326
대구광역시,북구,민간,침산화성파크드림어린이집,053-357-0077,"대구광역시 북구 성북로 70 (침산동, 침산화성파크드림아파트)",35.8919407,128.5901534
대구광역시,북구,민간,트루엘어린이집,053-216-8500,"대구광역시 북구 침산남로 215 (침산동, 강변일성트루엘아파트단지내)",35.8884902,128.5770873
대구광역시,북구,민간,하늘채어린이집,053-352-5323,대구광역시 북구 중앙대로 591 코오롱하늘채아파트 내 (침산동),35.91683,128.646845
대구광역시,북구,가정,꿈사랑어린이집,053-357-1232,"대구광역시 북구 침산남로 160 101동 102호(침산동, 롯데캐슬오페라아파트)",35.916929999999994,128.64694500000002
대구광역시,북구,가정,하늘채사랑어린이집,053-352-5445,"대구광역시 북구 중앙대로 591 205/103(침산동,코오롱하늘채)",35.91703,128.64704500000002
대구광역시,북구,민간,시온어린이집,053-352-0114,대구광역시 북구 침산로21길 24 동아무지개 아파트 단지 내 (침산동),35.91712999999999,128.64714500000002
대구광역시,북구,민간,아가랑어린이집,053-357-7277,대구광역시 북구 성북로9길 13 (침산동),35.8926614,128.5879722
대구광역시,북구,민간,예전어린이집,053-358-7485,대구광역시 북구 침산로21길 10 (침산동),35.8861416,128.588305
대구광역시,북구,가정,리틀동아어린이집,053-214-0215,"대구광역시 북구 침산로21길 24 101동 103호(침산동, 동아무지개아파트)",35.917429999999996,128.647445
대구광역시,북구,가정,신나는어린이집,053-353-5223,"대구광역시 북구 침산로21길 10 201동 104호(침산동, 대한동아무지개아파트2차)",35.91753,128.647545
대구광역시,북구,가정,아이사랑어린이집,053-354-9197,"대구광역시 북구 침산남로19길 9 101동 108호(침산동, 청구1차아파트)",35.917629999999996,128.647645
대구광역시,북구,가정,예쁜꿈어린이집,053-257-0040,"대구광역시 북구 침산로21길 10 208동 101호(침산동, 동아무지개아파트)",35.91773,128.64774500000001
대구광역시,북구,직장,북구청직장어린이집,053-267-7600,대구광역시 북구 옥산로 69-14,35.8873214,128.5774193
대구광역시,북구,국공립,프로그레스어린이집,053-267-1365,대구광역시 북구 태전로7길 34 프로그레스어린이집,35.91793,128.64794500000002
대구광역시,북구,사회복지법인,아람어린이집,053-311-4463,대구광역시 북구 태전로1길 3,35.9201318,128.5439228
대구광역시,북구,법인.단체등,태현어린이집,053-311-9020,대구광역시 북구 태전로13길 46-2,35.9183501,128.54203
대구광역시,북구,민간,무지개어린이집,053-322-6356,대구광역시 북구 칠곡중앙대로77길 28,35.9307491,128.5461451
대구광역시,북구,가정,꿈초롱어린이집,053-314-7311,"대구광역시 북구 영송로 63 102동 106호(태전동, 칠곡관음타운)",35.91833,128.648345
대구광역시,북구,가정,캐스빌 숲 어린이집,053-314-0020,"대구광역시 북구 칠곡중앙대로51길 50 ,110동(태전동, 강북이진캐스빌)",35.9168611,128.5451007
대구광역시,북구,가정,한일어린이집,053-311-2177,"대구광역시 북구 칠곡중앙대로53길 32 (태전동, 한일아파트)",35.9184451,128.54458
대구광역시,북구,국공립,부광어린이집,053-313-7998,대구광역시 북구 칠곡중앙대로52길 38 대구부광교회 내 1층,35.91862999999999,128.64864500000002
대구광역시,북구,국공립,태전휴먼시아어린이집,053-314-7655,대구광역시 북구 매전로 73 태전휴먼시아어린이집내 (태전동),35.91873,128.64874500000002
대구광역시,북구,국공립,휴포레강북어린이집,053-311-2588,대구광역시 북구 태암남로 60 협성휴포레강북아파트 단지 내,35.91883,128.64884500000002
대구광역시,북구,사회복지법인,하나어린이집,053-311-5501,대구광역시 북구 칠곡중앙대로43길 33 (태전동),35.9152253,128.5464044
대구광역시,북구,민간,숲속나라어린이집,053-326-9119,대구광역시 북구 학정로 82-52,35.9492609,128.5647995
대구광역시,북구,민간,엘리트어린이집,053-322-4029,대구광역시 북구 칠곡중앙대로43길 13 (태전동),35.9149992,128.546856
대구광역시,북구,가정,포도나무생태어린이집,053-322-6048,"대구광역시 북구 구암로16길 7 104동 104호(태전동, 현대1차아파트)",35.91923,128.649245
대구광역시,수성구,국공립,국공립열린어린이집,053-793-5957,대구광역시 수성구 고산로4길 80 (신매동),35.8315296,128.7047095
대구광역시,수성구,국공립,국공립웰리치어린이집,053-791-5575,대구광역시 수성구 욱수천로 55,35.8394317,128.7165558
대구광역시,수성구,국공립,국공립포레스트어린이집,053-793-7972,대구광역시 수성구 욱수천로2길 22 국공립포레스트어린이집,35.919529999999995,128.64954500000002
대구광역시,수성구,사회복지법인,동산어린이집,053-791-6268,대구광역시 수성구 달구벌대로652길 65-6,35.8366799,128.7122414
대구광역시,수성구,사회복지법인,전원어린이집,053-793-9112,대구광역시 수성구 유니버시아드로68길 16 (욱수동),35.919729999999994,128.64974500000002
대구광역시,수성구,민간,피터팬어린이집,053-795-9155,대구광역시 수성구 달구벌대로650길 37-4,35.8339333,128.7092309
대구광역시,수성구,가정,다사랑어린이집,053-791-3196,"대구광역시 수성구 신매로 91 208동 107호(신매동, 한라아파트)",35.919929999999994,128.649945
대구광역시,수성구,국공립,고산하나어린이집,053-791-8978,대구광역시 수성구  시지로 11 (시지동),35.8377047,128.695703
대구광역시,수성구,국공립,국공립메르디앙어린이집,053-794-5556,대구광역시 수성구 노변로 55,35.8368926,128.7000072
대구광역시,수성구,국공립,국공립수성알파시티어린이집,053-792-0055,대구광역시 수성구 알파시티2로 48,35.8363891,128.6956522
대구광역시,수성구,국공립,국공립아이숲어린이집,053-793-5450,"대구광역시 수성구 노변공원로 34 (시지동, 노변다숲)",35.8381493,128.6989311
대구광역시,수성구,국공립,국공립알파시티청아람어린이집,053-791-0707,"대구광역시 수성구 알파시티2로 96 (노변동, 수성알파시티청아람)",35.8342219,128.6965788
대구광역시,수성구,국공립,국공립예은어린이집,053-793-9027,대구광역시 수성구 천을로 34-9 1층,35.92053,128.65054500000002
대구광역시,수성구,국공립,국공립월드키즈어린이집,053-792-7959,"대구광역시 수성구 천을로 70 (시지동, 시지월드메르디앙)",35.8449342,128.6970512
대구광역시,수성구,사회복지법인,사회복지법인 녹원어린이집,053-793-0306,대구광역시 수성구 천을로8길 17 (시지동),35.8442316,128.6961863
대구광역시,수성구,사회복지법인,사회복지법인고운어린이집,053-791-7575,대구광역시 수성구 노변공원로7길 6-24,35.8363459,128.698395
대구광역시,수성구,사회복지법인,사회복지법인나르샤어린이집,053-781-6006,대구광역시 수성구 달구벌대로569길 22,35.92093,128.650945
대구광역시,수성구,법인.단체등,선화어린이집,053-791-0815,대구광역시 수성구 노변공원로 49-1,35.8363136,128.6981246
대구광역시,수성구,협동,씩씩한어린이집,053-791-6879,대구광역시 수성구 천을로 61-7,35.8449342,128.6970512
대구광역시,수성구,직장,알파시티 공동직장 도담어린이집,053-795-1230,대구광역시 수성구 유니버시아드로 119 대구스마트시티센터 1층,35.921229999999994,128.65124500000002
대구광역시,수성구,국공립,국공립대왕어린이집,053-791-3537,대구광역시 수성구 달구벌대로669길 70 시지태왕리더스6차 107동 1층,35.92133,128.65134500000002
대구광역시,수성구,국공립,국공립사월보성어린이집,053-793-8806,대구광역시 수성구 욱수천로 133,35.8394317,128.7165558
대구광역시,수성구,국공립,국공립시지3차서한이다음어린이집,053-795-3221,대구광역시 수성구 달구벌대로669길 20-20,35.8375716,128.7208375
대구광역시,수성구,국공립,국공립아이위시어린이집,053-793-0101,대구광역시 수성구 달구벌대로669길 20,35.8375716,128.7208375
대구광역시,수성구,국공립,국공립한신킨더리베어린이집,053-795-2772,대구광역시 수성구 달구벌대로669길 50,35.8375716,128.7208375
대구광역시,수성구,사회복지법인,사회복지법인시지어린이집,053-792-7148,대구광역시 수성구 고산로 160-15,35.8357173,128.7041307
대구광역시,수성구,사회복지법인,사회복지법인향뜰어린이집,053-792-2420,대구광역시 수성구 천을로 125 (매호동),35.8449342,128.6970512
대구광역시,수성구,사회복지법인,이안숲어린이집,053-794-2100,대구광역시 수성구 달구벌대로659길 2-8,35.8373622,128.7176255
대구광역시,수성구,민간,동서어린이집,053-791-9314,대구광역시 수성구 천을로 180 매호동1040 매호동서타운110동,35.87213,128.602145
대구광역시,수성구,가정,초록색연필어린이집,053-794-1584,"대구광역시 수성구 달구벌대로645길 15 301동 101호(매호동, 매호동서3차아파트)",35.872229999999995,128.602245
대구광역시,수성구,가정,효원어린이집,053-792-4002,"대구광역시 수성구 욱수천로 133 108동 102호(사월동, 시지2차사월보성타운)",35.87233,128.602345
대구광역시,수성구,국공립,국공립두산어린이집,053-761-9866,대구광역시 수성구 들안로16길 45,35.8376105,128.6177976
대구광역시,수성구,국공립,국공립수성레이크푸르지오어린이집,053-768-6621,대구광역시 수성구 청수로24길 91,35.8376368,128.621167
대구광역시,수성구,국공립,국공립하늘어린이집,053-764-4777,대구광역시 수성구 무학로21안길 8-24,35.8326407,128.6199258
대구광역시,수성구,사회복지법인,모란어린이집,053-782-1600,대구광역시 수성구 지산로3길 115 (두산동),35.8243506,128.6286949
대구광역시,수성구,사회복지법인,사회복지법인 꿈나무 어린이집,053-763-5204,대구광역시 수성구 들안로2안길 27-15 사회복지법인 꿈나무 어린이집 (두산동),35.87282999999999,128.602845
대구광역시,수성구,사회복지법인,화니어린이집,053-766-8532,대구광역시 수성구 동대구로7길 14-14,35.8336203,128.6220845
대구광역시,수성구,가정,이레어린이집,053-292-9628,대구광역시 수성구 동대구로7길 34-13,35.8336203,128.6220845
대구광역시,수성구,국공립,국공립돌체어린이집,053-743-9181,대구광역시 수성구 동원로 135 메트로팔레스 101동 로비층,35.873129999999996,128.603145
대구광역시,수성구,국공립,국공립로떼어린이집,053-759-0807,"대구광역시 수성구 동원로 123 , 206동 (만촌동, 메트로팔레스 2단지내)",35.8689965,128.6397961
대구광역시,수성구,국공립,국공립마더베어어린이집,053-756-7179,대구광역시 수성구 무열로39길 35-1,35.8731765,128.6458141
대구광역시,수성구,국공립,국공립만촌보성어린이집,053-751-1811,"대구광역시 수성구 공경로 70 , 202동 (만촌동, 만촌보성타운내)",35.8714757,128.6442976
대구광역시,수성구,사회복지법인,보명어린이집,053-745-5602,대구광역시 수성구 무열로39길 16-14,35.8731765,128.6458141
대구광역시,수성구,민간,리틀아일랜드어린이집,053-745-6179,"대구광역시 수성구 동원로 100 501동 5호(만촌동, 메트로팔레스5차아파트)",35.87363,128.603645
대구광역시,수성구,민간,메트로팔레스어린이집,053-754-5988,"대구광역시 수성구 동원로 110 303동 로비층(만촌동, 메트로팔레스)",35.873729999999995,128.603745
대구광역시,수성구,민간,수성애플트리어린이집,053-745-0418,대구광역시 수성구 화랑로2길 122 (만촌동),35.8682109,128.6347541
대구광역시,수성구,직장,무열대어린이집,053-753-1279,대구광역시 수성구 국채보상로 1019 수성데시앙아파트 103동 103호,35.873929999999994,128.603945
대구광역시,수성구,국공립,국공립별나라어린이집,053-742-7872,대구광역시 수성구 국채보상로216길 105 (만촌동),35.8666207,128.6484713
대구광역시,수성구,국공립,국공립힐스테이트만촌역어린이집,053-241-7100,대구광역시 수성구 달구벌대로 2567,35.8526253,128.6622598
대구광역시,수성구,사회복지법인,만촌어린이집,053-745-6262,대구광역시 수성구 만촌로14길 11-2,35.8656952,128.6442656
대구광역시,수성구,가정,다인어린이집,053-756-1888,대구광역시 수성구 충의로 62 (만촌동),35.8616616,128.6476379
대구광역시,수성구,가정,별그린어린이집,053-744-2673,대구광역시 수성구 세진로 75,35.8636623,128.6433701
대구광역시,수성구,국공립,국공립만촌3차파크드림어린이집,053-746-1125,대구광역시 수성구 교학로 13 (만촌3동),35.8532232,128.6529693
대구광역시,수성구,국공립,국공립만촌삼정에듀파크어린이집,053-742-3535,대구광역시 수성구 교학로 65 (만촌삼정그린코아에듀파크),35.8484651,128.6522306
대구광역시,수성구,국공립,국공립만촌자이르네어린이집,053-755-5312,대구광역시 수성구 교학로19길 19 국공립만촌자이르네어린이집,35.87473,128.604745
대구광역시,수성구,사회복지법인,뉴대구어린이집,053-752-4024,대구광역시 수성구 교학로 54-1 (만촌동),35.8473195,128.649661
대구광역시,수성구,민간,수성대학교부설 리오바어린이집,053-749-7312,대구광역시 수성구 달구벌대로528길 15 수성대학교 부설 리오바어린이집,35.87493,128.60494500000001
대구광역시,수성구,민간,예알어린이집,053-756-9318,대구광역시 수성구 청호로94길 57 (만촌동),35.8570878,128.6454384
대구광역시,수성구,민간,사랑어린이집,053-781-8031,대구광역시 수성구 용학로 336 범물1단지 (범물동),35.87513,128.60514500000002
대구광역시,수성구,가정,예현어린이집,053-783-5312,"대구광역시 수성구 용학로 316 103동 107호(범물동, 범물영남1단지아파트)",35.875229999999995,128.60524500000002
대구광역시,수성구,국공립,국공립수성하늘채르레브어린이집,053-753-0011,대구광역시 수성구 지범로48길 21,35.8157353,128.6439129
대구광역시,수성구,국공립,국공립피노키오어린이집,053-783-3377,대구광역시 수성구 지범로46길 33-4,35.815796,128.643124
대구광역시,수성구,가정,아이꿈어린이집,053-782-0443,"대구광역시 수성구 용학로 272 102동 107호(범물동, 한라아파트)",35.87553,128.605545
대구광역시,수성구,국공립,국공립범어에일린의뜰어린이집,053-762-0050,대구광역시 수성구 청솔로14길 15,35.8522249,128.6228473
대구광역시,수성구,국공립,국공립수성범어W어린이집,053-721-6296,대구광역시 수성구 달구벌대로 2436,35.8581709,128.6291602
대구광역시,수성구,국공립,범어어린이집,053-755-7743,대구광역시 수성구 범어천로 97 범어어린이집 (범어동),35.87582999999999,128.60584500000002
대구광역시,수성구,민간,범어아이파크어린이집,053-721-7425,대구광역시 수성구 동대구로 230 104동 1층,35.87593,128.60594500000002
대구광역시,수성구,국공립,국공립범어숲어린이집,053-741-5079,대구광역시 수성구 동대구로 376 1층,35.87603,128.60604500000002
대구광역시,수성구,국공립,국공립키즈하버드어린이집,053-745-7941,대구광역시 수성구 세진로3길 41-4,35.8633356,128.6377789
대구광역시,수성구,사회복지법인,계성어린이집,053-755-2573,대구광역시 수성구 범어로 157 (범어동),35.8518865,128.6362274
대구광역시,수성구,가정,미소어린이집,053-742-2467,대구광역시 수성구 범어로32길 26 (범어동),35.8647051,128.6360703
대구광역시,수성구,직장,대구검찰어린이집,053-759-9780,대구광역시 수성구 국채보상로186길 111,35.8636679,128.6341842
대구광역시,수성구,직장,대구법원어린이집,053-742-1401,대구광역시 수성구 세진로 26 (범어동),35.8646372,128.6458191
대구광역시,수성구,직장,수성구청직장어린이집,053-751-8348,대구광역시 수성구 달구벌대로495길 26-13,35.8616823,128.6344931
대구광역시,수성구,국공립,국공립범어센트럴푸르지오어린이집,053-753-0800,대구광역시 수성구 상록로 15,35.8607352,128.6233243
대구광역시,수성구,국공립,국공립월드숲어린이집,053-754-9740,대구광역시 수성구 범어천로 200,35.8606196,128.620662
대구광역시,수성구,법인.단체등,청운어린이집,053-754-2839,대구광역시 수성구 들안로 396-22 (범어동),35.8651014,128.6184961
대구광역시,수성구,민간,다빈치어린이집,053-744-0881,대구광역시 수성구 상록로 53 (범어동),35.8632737,128.623931
대구광역시,수성구,민간,범어e편한어린이집,053-751-0790,대구광역시 수성구 들안로78길 45 110동 1층,35.877129999999994,128.607145
대구광역시,수성구,민간,킨더리베어린이집,053-756-2553,대구광역시 수성구 동대구로77길 34-27,35.8643725,128.6253322
대구광역시,수성구,민간,힐스테이트범어센트럴어린이집,053-710-1315,대구광역시 수성구 상록로 80 103동 1호,35.87732999999999,128.607345
대구광역시,수성구,국공립,국공립힐스테이트범어어린이집,053-755-0125,대구광역시 수성구 범어로18길 22,35.8567989,128.6359666
대구광역시,수성구,사회복지법인,덕일어린이집,053-743-0540,대구광역시 수성구 청호로92길 26 (범어동),35.8562486,128.6441286
대구광역시,수성구,법인.단체등,청수어린이집,053-753-2561,대구광역시 수성구 달구벌대로504길 20 청수어린이집,35.877629999999996,128.60764500000002
대구광역시,수성구,국공립,국공립상화어린이집,053-763-5885,"대구광역시 수성구 수성로 71 (상동, 수성동일하이빌레이크시티)",35.8443048,128.6131013
대구광역시,수성구,사회복지법인,사회복지법인 상동어린이집,053-762-4747,대구광역시 수성구 수성로32길 139 (상동),35.8355776,128.6141566
대구광역시,수성구,민간,정화우방어린이집,053-768-6262,"대구광역시 수성구 수성로 135 102동(상동, 정화우방팔레스)",35.87793,128.607945
대구광역시,수성구,국공립,국공립장미어린이집,053-761-7765,대구광역시 수성구 수성동1가 수성로57길 62,35.8517247,128.6106019
대구광역시,수성구,사회복지법인,수성어린이집,053-763-0425,대구광역시 수성구 명덕로76길 80-1,35.8517951,128.6116824
대구광역시,수성구,민간,금강어린이집,053-752-5959,대구광역시 수성구 수성로75길 24 (수성동1가),35.8569701,128.613042
대구광역시,수성구,민간,캐슬아이어린이집,053-743-7477,대구광역시 수성구 수성동1가 수성로69길 65 204동 1층,35.87833,128.608345
대구광역시,수성구,국공립,국공립밤비니어린이집,053-741-5563,대구광역시 수성구 수성동3가 들안로64길 61,35.858701,128.6194719
대구광역시,수성구,국공립,국공립캐슬수성어린이집,053-744-2004,대구광역시 수성구 명덕로 455 202동,35.87853,128.60854500000002
대구광역시,수성구,국공립,국공립수성보성어린이집,053-743-1090,대구광역시 수성구 수성로 412 (수성동4가),35.8330593,128.6114359
대구광역시,수성구,민간,수성데시앙어린이집,053-241-0709,대구광역시 수성구 수성동4가 들안로 360 102동 1층,35.87873,128.608745
대구광역시,수성구,민간,이편한어린이집,053-745-6663,"대구광역시 수성구 수성동4가 들안로73길 50-7 108동(수성동4가,수성대림e-편한세상)",35.878829999999994,128.608845
대구광역시,수성구,가정,행복한영희어린이집,053-741-6702,"대구광역시 수성구 수성로 412 101동 101호(수성동4가, 수성보성타운)",35.87893,128.608945
대구광역시,수성구,직장,iM뱅크아이꿈터어린이집,053-742-5206,대구광역시 수성구 달구벌대로 2271-5,35.8391996,128.7092202
대구광역시,수성구,국공립,국공립꼬마숲어린이집,053-767-6112,대구광역시 수성구 들안로29길 42 (중동),35.844209,128.6147184
대구광역시,수성구,국공립,국공립수성골드클래스더센텀어린이집,053-751-4296,대구광역시 수성구 수성로 185,35.8462474,128.61217
대구광역시,수성구,국공립,국공립수성푸르지오리버센트어린이집,053-766-2004,대구광역시 수성구 수성로35길 50,35.8416346,128.6104661
대구광역시,수성구,국공립,국공립수성효성해링턴어린이집,053-767-0079,대구광역시 수성구 희망로24길 24,35.8461185,128.6115264
대구광역시,수성구,사회복지법인,윤정어린이집,053-767-2113,대구광역시 수성구 희망로 93 윤정어린이집,35.879529999999995,128.60954500000003
대구광역시,수성구,사회복지법인,중동어린이집,053-767-8555,대구광역시 수성구 희망로 121 중동어린이집 (중동),35.8472668,128.6118505
대구광역시,수성구,가정,온유어린이집,053-761-9775,대구광역시 수성구 수성로39안길 13 아원천가지꿈아파트 102호 (중동),35.879729999999995,128.609745
대구광역시,수성구,국공립,지산보리어린이집,053-781-6283,대구광역시 수성구 용학로 325,35.8253074,128.6098354
대구광역시,수성구,사회복지법인,지산어린이집,053-784-5010,대구광역시 수성구 지산로14길 29 (지산동),35.8269893,128.6353076
대구광역시,수성구,민간,개나리어린이집,053-794-1700,대구광역시 수성구 무학로37안길 20-5 (지산동),35.8336182,128.6284688
대구광역시,수성구,민간,줄리어드어린이집,053-766-3303,대구광역시 수성구 동대구로14길 90 (지산동),35.8374956,128.6284614
대구광역시,수성구,직장,대구경찰청어린이집,053-719-0560,"대구광역시 수성구 무학로 227 (지산동,대구광역시경찰청)",35.8292062,128.6345823
대구광역시,수성구,국공립,국공립색동어린이집,053-784-2223,대구광역시 수성구 용학로44길 34,35.8206793,128.6328822
대구광역시,수성구,국공립,국공립수성라크에르어린이집,053-782-4387,대구광역시 수성구 지산로3길 33,35.8243506,128.6286949
대구광역시,수성구,사회복지법인,사회복지법인해달별어린이집,053-782-8461,대구광역시 수성구 용학로46길 22 (지산동),35.8197066,128.6339941
대구광역시,수성구,민간,한국예술어린이집,053-783-8807,대구광역시 수성구 용학로34길 8 (지산동),35.8218274,128.6272672
대구광역시,수성구,국공립,국공립수성더팰리스1차어린이집,053-721-7638,대구광역시 수성구 파동로 190,35.8167446,128.6139035
대구광역시,수성구,국공립,국공립수성더팰리스2차어린이집,053-213-6668,대구광역시 수성구 파동로 188,35.8167446,128.6139035
대구광역시,수성구,국공립,국공립수성해모로어린이집,053-716-2403,대구광역시 수성구 파동로 47 수성해모로하이엔,35.88093,128.61094500000002
대구광역시,수성구,국공립,수성아이파크어린이집,053-764-4500,대구광역시 수성구 파동로22길 15,35.8128519,128.6190407
대구광역시,수성구,사회복지법인,별하나어린이집,053-764-8686,대구광역시 수성구 파동로51길 64 (파동),35.8220394,128.6093466
대구광역시,수성구,사회복지법인,키즈브라운어린이집,053-768-5789,대구광역시 수성구 파동로38길 45-3,35.881229999999995,128.61124500000003
대구광역시,수성구,민간,하늘채어린이집,053-621-1616,대구광역시 수성구 파동로 222 수성못코오롱하늘채 103동 1층,35.88133,128.611345
대구광역시,수성구,직장,글로벌아이어린이집,053-767-0411,대구광역시 수성구 파동로18안길 24,35.881429999999995,128.611445
대구광역시,수성구,국공립,국공립물망이어린이집,053-761-6008,대구광역시 수성구 청수로 213 캐슬골드파크1단지복지관1층 (황금동),35.88153,128.611545
대구광역시,수성구,국공립,국공립아이맘어린이집,053-766-8330,"대구광역시 수성구 청수로 214 (황금동, 캐슬골드파크 5단지내)",35.8391004,128.6323316
대구광역시,수성구,국공립,국공립캐슬꿈밭어린이집,053-768-7942,"대구광역시 수성구 청수로 257 (황금동, 캐슬골드파크 3단지내)",35.8410236,128.6351986
대구광역시,수성구,국공립,국공립캐슬우주어린이집,053-766-1219,대구광역시 수성구 청수로 261,35.8409397,128.637174
대구광역시,수성구,국공립,국공립힐스테이트어린이집,053-767-3212,대구광역시 수성구 청수로 274 (황금동),35.8393804,128.6391179
대구광역시,수성구,사회복지법인,삼덕어린이집,053-762-7567,대구광역시 수성구 청호로46길 5-2 (황금동),35.8387336,128.6409104
대구광역시,수성구,가정,코코어린이집,053-765-3113,"대구광역시 수성구 청수로 214 1505동 105호(황금동, 캐슬골드파크)",35.88213,128.61214500000003
대구광역시,수성구,국공립,국공립해맑은어린이집,053-768-9955,대구광역시 수성구 들안로32길 17,35.8432421,128.6226081
대구광역시,수성구,국공립,국공립힐스테이트엘포레어린이집,053-767-5757,대구광역시 수성구 청솔로 16,35.8480566,128.6213432
대구광역시,수성구,민간,꼬꼬마어린이집,053-768-6767,대구광역시 수성구 희망로 176-2,35.8467978,128.616033
대구광역시,수성구,민간,아이뜰어린이집,053-764-5902,대구광역시 수성구 희망로36길 122-23,35.845802,128.6208553
대구광역시,달서구,국공립,미리내어린이집,053-562-1793,대구광역시 달서구 감삼길 99,35.8498566,128.5434281
대구광역시,달서구,국공립,빌리브어린이집,053-563-0131,"대구광역시 달서구 와룡로 186 관리동(감삼동, 빌리브스카이)",35.882729999999995,128.61274500000002
대구광역시,달서구,민간,감삼리틀삐아제어린이집,053-527-5146,"대구광역시 달서구 장기로 160 (감삼동, 성당코오롱하늘채)",35.8435686,128.5272526
대구광역시,달서구,민간,드림어린이집,053-261-7279,"대구광역시 달서구 장기로 242 (감삼동, 우방드림시티)",35.8434844,128.5454012
대구광역시,달서구,민간,무지개어린이집,053-526-7969,대구광역시 달서구 감삼남2길 108 (감삼동),35.8455224,128.5396918
대구광역시,달서구,민간,아이위시어린이집,053-562-3121,"대구광역시 달서구 와룡로 123 관리동(감삼동,죽전역동화아이위시)",35.883129999999994,128.613145
대구광역시,달서구,민간,연제어린이집,053-552-0521,대구광역시 달서구 감삼남길 49 (감삼동),35.8486144,128.5396399
대구광역시,달서구,민간,키즈앤맘어린이집,053-526-7942,대구광역시 달서구 달구벌대로 1530 삼정브리티시용산 관리동,35.883329999999994,128.613345
대구광역시,달서구,민간,힐스테이트센트럴어린이집,053-525-0333,대구광역시 달서구 달구벌대로308길 30 힐스테이트죽전역아파트,35.88343,128.613445
대구광역시,달서구,민간,힐스테이트어린이집,053-568-1008,대구광역시 달서구 와룡로31길 26 관리동(죽전역힐스테이트),35.88352999999999,128.61354500000002
대구광역시,달서구,가정,꿈그리기어린이집,053-524-0882,"대구광역시 달서구 장기로 242 114동 106호(감삼동, 우방드림시티)",35.88363,128.61364500000002
대구광역시,달서구,가정,아인슈타인어린이집,053-284-0079,"대구광역시 달서구 장기로 242 101동 102호(감삼동, 우방드림시티)",35.88373,128.61374500000002
대구광역시,달서구,가정,해밀턴어린이집,053-283-5133,"대구광역시 달서구 장기로 242 103동 101호(감삼동, 우방드림시티)",35.883829999999996,128.61384500000003
대구광역시,달서구,국공립,미리샘어린이집,053-637-5546,"대구광역시 달서구 한실로 134 (도원동, 미리샘마을)",35.8085295,128.5273529
대구광역시,달서구,국공립,아람어린이집,053-638-5012,"대구광역시 달서구 한실로 30 (도원동, 아람마을)",35.8083562,128.5273292
대구광역시,달서구,국공립,알짬어린이집,053-631-0151,"대구광역시 달서구 도원로 45 414동 103호(도원동, 대곡강산타운)",35.88413,128.614145
대구광역시,달서구,민간,도담도담어린이집,053-644-0800,대구광역시 달서구 상화로58길 35 서한이다음레이크뷰,35.884229999999995,128.614245
대구광역시,달서구,민간,사계절어린이집,053-635-0123,"대구광역시 달서구 한실로 117 사계절타운내 (도원동, 대곡사계절타운)",35.88433,128.61434500000001
대구광역시,달서구,가정,대곡가람어린이집,053-636-8963,"대구광역시 달서구 한실로 135 (도원동,  가람마을)",35.8085295,128.5273529
대구광역시,달서구,가정,도원어린이집,053-637-1482,"대구광역시 달서구 한실로 29 나래마을아파트 내 (도원동, 나래마을)",35.88453,128.61454500000002
대구광역시,달서구,가정,아기코끼리어린이집,053-631-1033,"대구광역시 달서구 한실로 30 911동 102호(도원동, 아람마을)",35.884629999999994,128.61464500000002
대구광역시,달서구,가정,엄마품어린이집,053-638-5546,"대구광역시 달서구 한실로 134 202동 101호(도원동, 미리샘마을)",35.88473,128.614745
대구광역시,달서구,가정,웅비어린이집,053-635-3914,"대구광역시 달서구 한실로 49 515동 102호(도원동, 한실들마을)",35.884829999999994,128.614845
대구광역시,달서구,가정,정인어린이집,053-634-8776,"대구광역시 달서구 한실로 29 801동 102호(도원동, 나래마을)",35.88493,128.614945
대구광역시,달서구,가정,초록별어린이집,053-267-9636,"대구광역시 달서구 도원로 46 601동 103호(도원동, 별메마을)",35.88502999999999,128.615045
대구광역시,달서구,가정,해피스쿨어린이집,053-638-6629,"대구광역시 달서구 한실로 134 204동 104호(도원동, 미리샘마을)",35.88513,128.615145
대구광역시,달서구,직장,LH대구경북어린이집,053-637-7977,대구광역시 달서구 상화로 272 (도원동) LH대구경북지역본부,35.8076084,128.5433082
대구광역시,달서구,국공립,두류파크스위첸어린이집,053-657-1358,"대구광역시 달서구 파도고개로 70 관리동(두류동, 두류파크KCC스위첸)",35.885329999999996,128.61534500000002
대구광역시,달서구,법인.단체등,삼익신협어린이집,053-656-7163,대구광역시 달서구 달구벌대로 1862 (두류동),35.8514804,128.5093378
대구광역시,달서구,민간,다애어린이집,053-653-5432,대구광역시 달서구 명덕로2길 87 (두류동),35.8605379,128.5713671
대구광역시,달서구,민간,장성어린이집,053-629-8550,대구광역시 달서구 성당로51길 56 (두류동),35.8557652,128.5712983
대구광역시,달서구,국공립,금봉어린이집,053-656-7181,대구광역시 달서구 야외음악당로39안길 61 (두류동),35.8528647,128.5525895
대구광역시,달서구,민간,기쁨어린이집,053-629-7112,대구광역시 달서구 야외음악당로39길 41 (두류동),35.8549638,128.5520512
대구광역시,달서구,민간,삼정몬테소리어린이집,053-655-0421,대구광역시 달서구 야외음악당로39길 54 (두류동),35.853886,128.5546177
대구광역시,달서구,민간,큐리어스어린이집,053-655-0242,대구광역시 달서구 당산로30길 42-7 (두류동),35.8484339,128.5497303
대구광역시,달서구,민간,토브어린이집,053-651-0111,대구광역시 달서구 당산로36길 11 두류센트레빌더시티,35.886129999999994,128.61614500000002
대구광역시,달서구,국공립,빌리브라디체어린이집,053-521-0011,대구광역시 달서구 구마로 100 관리동,35.88623,128.61624500000002
대구광역시,달서구,사회복지법인,본영어린이집,053-527-1060,대구광역시 달서구 와룡로2길 16 (본동),35.8353237,128.5399829
대구광역시,달서구,사회복지법인,월성어린이집,053-555-6456,대구광역시 달서구 구마로14길 73 (본동),35.8336063,128.5360823
대구광역시,달서구,민간,에덴어린이집,053-627-5080,대구광역시 달서구 구마로36길 20 (본동),35.835576,128.5467779
대구광역시,달서구,민간,월성초롱어린이집,053-638-4033,"대구광역시 달서구 구마로12길 89 주민복지관2층 (본동, 월성주공5단지)",35.88663,128.616645
대구광역시,달서구,국공립,고운별어린이집,053-621-2770,"대구광역시 달서구 대명천로 101 105동1층 (본리동 ,본리롯데캐슬)",35.88673,128.616745
대구광역시,달서구,국공립,달서SK뷰어린이집,053-555-6600,대구광역시 달서구 용산로 40,35.8540612,128.5311845
대구광역시,달서구,국공립,더샵센트럴어린이집,053-521-5285,"대구광역시 달서구 당산로 17 (본리동, 더샵 달서센트럴)",35.8562004,128.5484536
대구광역시,달서구,사회복지법인,대광어린이집,053-526-1234,대구광역시 달서구 용산로4길 32 (본리동),35.8385221,128.5323116
대구광역시,달서구,민간,두산위브더제니스어린이집,053-710-0709,대구광역시 달서구 와룡로 80 두산위브더제니스센트럴달서,35.88713,128.61714500000002
대구광역시,달서구,민간,유성어린이집,053-556-7778,대구광역시 달서구 와룡로22길 23-14 (본리동),35.8420769,128.5382329
대구광역시,달서구,가정,꼬마천사어린이집,053-521-2971,"대구광역시 달서구 장기로 189 108동 101호(본리동, 성당래미안E-편한세상1단지)",35.88733,128.617345
대구광역시,달서구,가정,본슐레어린이집,053-561-0301,"대구광역시 달서구 장기로 145 211동 105호(본리동, 성당래미안E-편한세상2단지)",35.887429999999995,128.617445
대구광역시,달서구,가정,샤론어린이집,053-525-0088,"대구광역시 달서구 장기로 145 212동 102호(본리동, 성당래미안E-편한세상2단지)",35.88753,128.617545
대구광역시,달서구,가정,안델센어린이집,053-285-3703,"대구광역시 달서구 장기로 145 205동 101호(본리동, 성당래미안E-편한세상2단지)",35.887629999999994,128.617645
대구광역시,달서구,가정,캐슬아이어린이집,053-655-5905,"대구광역시 달서구 대명천로 119 202동 103호(본리동, 본리롯데캐슬2차)",35.88773,128.617745
대구광역시,달서구,국공립,고운꿈어린이집,053-637-1007,"대구광역시 달서구 월서로3길 15 (상인동, 상인역e편한세상2단지)",35.8187988,128.5333469
대구광역시,달서구,국공립,봄소리어린이집,053-270-9588,"대구광역시 달서구 송현로7길 9 관리동(상인동, 상인화성파크드림)",35.88793,128.61794500000002
대구광역시,달서구,국공립,상인화성파크어린이집,053-639-9777,대구광역시 달서구 송현로7길 10 관리동(상인화성파크드림),35.88802999999999,128.61804500000002
대구광역시,달서구,민간,하나렘어린이집,053-643-0231,대구광역시 달서구 월배로 235 (상인동),35.8284025,128.5500174
대구광역시,달서구,가정,꿈동이어린이집,053-295-5635,"대구광역시 달서구 송현로7길 9 2108동105호(상인동,상인화성파크드림)",35.88823,128.618245
대구광역시,달서구,가정,동화아이어린이집,053-637-3966,"대구광역시 달서구 상인서로 75 102동 106호(상인동, 보성아파트)",35.888329999999996,128.618345
대구광역시,달서구,가정,사랑샘어린이집,053-632-8422,"대구광역시 달서구 월서로 31 103동 주민공동시설내 (상인동, 신일해피트리)",35.88843,128.618445
대구광역시,달서구,가정,아이꿈터어린이집,053-635-0311,"대구광역시 달서구 송현로7길 10 1110동102호(상인동,상인화성파크드림)",35.888529999999996,128.618545
대구광역시,달서구,가정,우리어린이집,053-643-2588,"대구광역시 달서구 월서로 31 105동 101호(상인동, 신일해피트리)",35.88863,128.61864500000001
대구광역시,달서구,가정,웃는아이어린이집,053-632-6806,"대구광역시 달서구 상화북로 195 101동 101호(상인동, 한서)",35.888729999999995,128.61874500000002
대구광역시,달서구,가정,은하어린이집,053-643-5006,"대구광역시 달서구 월곡로 320 107동 108호(상인동, 보성은하)",35.88883,128.61884500000002
대구광역시,달서구,직장,대구교통공사다정다감어린이집,053-637-5885,대구광역시 달서구 월배로 250 대구도시철도공사,35.888929999999995,128.61894500000002
대구광역시,달서구,국공립,모아엘가어린이집,053-632-0162,"대구광역시 달서구 상화북로 162 (상인동, 상인역모아엘가파크뷰)",35.8141093,128.5461937
대구광역시,달서구,사회복지법인,동심어린이집,053-638-7942,대구광역시 달서구 월곡로27길 57-3 (상인동),35.8092674,128.5457
대구광역시,달서구,사회복지법인,예원어린이집,053-637-1011,대구광역시 달서구 월곡로47안길 33-7 (상인동),35.8146849,128.5392465
대구광역시,달서구,사회복지법인,하나어린이집,053-642-0979,대구광역시 달서구 월배로40길 139 (상인동),35.8160127,128.5363837
대구광역시,달서구,법인.단체등,가톨릭소화어린이집,053-632-1792,대구광역시 달서구 월곡로51길 77 (상인동),35.8146265,128.5361418
대구광역시,달서구,민간,리라어린이집,053-642-1011,대구광역시 달서구 월배로40길 77 (상인동),35.8138901,128.5390143
대구광역시,달서구,민간,보람어린이집,053-641-2270,대구광역시 달서구 월배로32길 96 (상인동),35.8130167,128.5352541
대구광역시,달서구,민간,푸르지오하늘꿈어린이집,053-244-7887,"대구광역시 달서구 상화로 235 105동1층 (상인동, 상인푸르지오)",35.88973,128.61974500000002
대구광역시,달서구,가정,보배어린이집,053-632-1978,대구광역시 달서구 상원로15길 32 (상인동),35.8133363,128.5355061
대구광역시,달서구,국공립,다솜어린이집,053-638-0536,"대구광역시 달서구 상화로 370 (상인동, 장미아파트)",35.8085025,128.5184845
대구광역시,달서구,민간,플레이키즈어린이집,053-638-9229,대구광역시 달서구 월곡로26안길 17-7 (상인동),35.8101995,128.5498311
대구광역시,달서구,가정,큰숲어린이집,053-634-1042,대구광역시 달서구 월곡로26길 15-15 (상인동),35.8087256,128.5488521
대구광역시,달서구,국공립,달서어린이집,053-622-8871,대구광역시 달서구 대명천로8길 10 (성당동),35.8409146,128.5560603
대구광역시,달서구,사회복지법인,금빛어린이집,053-625-1888,대구광역시 달서구 대명천로10길 19 (성당동),35.839301,128.554854
대구광역시,달서구,사회복지법인,아이사랑어린이집,053-652-1117,대구광역시 달서구 대명천로18길 26 (성당동),35.8400929,128.5508516
대구광역시,달서구,민간,두산어린이집,053-622-6540,"대구광역시 달서구 당산로 82 107동 (성당동, 두산위브)",35.89053,128.62054500000002
대구광역시,달서구,민간,성당키즈월드어린이집,053-623-6716,대구광역시 달서구 장기로 115 성당포스코더샵아파트 103동1층 (성당동),35.890629999999994,128.62064500000002
대구광역시,달서구,민간,우주과학어린이집,053-656-0071,대구광역시 달서구 야외음악당로11길 14-7 (성당동),35.8416073,128.5508461
대구광역시,달서구,가정,프레리베베어린이집,053-622-7976,"대구광역시 달서구 장기로 127 308동 103호(성당동, 성당래미안E-편한세상)",35.890829999999994,128.620845
대구광역시,달서구,국공립,정우어린이집,053-626-4380,대구광역시 달서구 중흥로12길 58 (송현동),35.8273824,128.5568422
대구광역시,달서구,사회복지법인,대자연어린이집,053-655-1911,대구광역시 달서구 앞산순환로55길 46 (송현동),35.8287387,128.5553369
대구광역시,달서구,사회복지법인,소망어린이집,053-629-9212,대구광역시 달서구 앞산순환로61길 68 (송현동),35.829842,128.5593413
대구광역시,달서구,민간,동그라미숲어린이집,053-651-0146,대구광역시 달서구 중흥로8길 58-4 (송현동),35.8295361,128.5547517
대구광역시,달서구,민간,한국어린이집,053-656-0707,대구광역시 달서구 중흥로8길 112 (송현동),35.8295361,128.5547517
대구광역시,달서구,국공립,수자인누리어린이집,053-719-3185,대구광역시 달서구 구마로 230 한양수자인더팰리시티1블럭,35.89143,128.62144500000002
대구광역시,달서구,국공립,수자인다온어린이집,053-651-6540,대구광역시 달서구 구마로 230 한양수자인더팰리시티 2블럭 109동 앞,35.891529999999996,128.62154500000003
대구광역시,달서구,국공립,큰사랑어린이집,053-656-3232,대구광역시 달서구 월배로75길 132,35.8304509,128.5473307
대구광역시,달서구,국공립,효성어린이집,053-636-4363,"대구광역시 달서구 송현로 113 (송현동, 본동주공아파트)",35.8305562,128.5441446
대구광역시,달서구,가정,우방하이츠어린이집,053-644-5771,"대구광역시 달서구 학산남로 90 (송현동, 우방송현하이츠아파트 관리동)",35.824801,128.5382391
대구광역시,달서구,국공립,성서전석어린이집,053-584-7683,"대구광역시 달서구 신당로 56 (신당동, 성서주공1단지아파트)",35.8536296,128.4959907
대구광역시,달서구,국공립,신당어린이집,053-586-1295,"대구광역시 달서구 신당로 55 (신당동, 성서주공아파트)",35.8536296,128.4959907
대구광역시,달서구,민간,다시봄어린이집,053-592-8700,"대구광역시 달서구 호산로 125 (파호동, 삼성명가타운)",35.8432165,128.47646
대구광역시,달서구,민간,삼성어린이집,053-588-0085,"대구광역시 달서구 호산로 126 (호산동, 삼성한국형아파트)",35.8463418,128.4780777
대구광역시,달서구,민간,이삭어린이집,053-588-7120,대구광역시 달서구 성서서로73길 66 (신당동),35.8576114,128.4978598
대구광역시,달서구,민간,한빛어린이집,053-581-2969,"대구광역시 달서구 신당로 55 (신당동, 성서2단지아파트)",35.8536296,128.4959907
대구광역시,달서구,가정,꿈그린어린이집,053-586-6199,"대구광역시 달서구 달서대로 719  (신당동, 신당한화꿈에그린)",35.8133904,128.5116217
대구광역시,달서구,가정,스펀지어린이집,053-591-1312,"대구광역시 달서구 호산로 125 221동 103호(신당동,삼성명가)",35.89263,128.622645
대구광역시,달서구,가정,아이나무어린이집,053-591-2778,대구광역시 달서구 계대동문로11길 15 (신당동),35.8564255,128.4988203
대구광역시,달서구,가정,에덴동산어린이집,053-591-0015,"대구광역시 달서구 호산로 125 207동 107호(파호동, 삼성명가타운)",35.89283,128.622845
대구광역시,달서구,가정,예솔어린이집,053-588-2282,"대구광역시 달서구 호산로 126 111동 102호(호산동, 삼성한국형아파트)",35.89293,128.62294500000002
대구광역시,달서구,가정,조이풀어린이집,053-582-9607,대구광역시 달서구 서당로9길 20-15 (신당동),35.8568792,128.4937847
대구광역시,달서구,직장,계명문화대학교부설어린이집,053-589-7875,대구광역시 달서구 달서대로 675 계명문화대학 유아교육관 1층 (신당동),35.89313,128.62314500000002
대구광역시,달서구,직장,동산의료원어린이집,053-258-7134,대구광역시 달서구 달구벌대로 1035 (신당동),35.8540523,128.4802134
대구광역시,달서구,국공립,캐슬어린이집,053-563-0079,"대구광역시 달서구 장산남로 33 (용산동, 용산롯데캐슬그랜드)",35.8521044,128.5278671
대구광역시,달서구,국공립,하늘별어린이집,053-565-5799,"대구광역시 달서구 용산로 160 (용산동, 우방죽전타운)",35.8601317,128.53063
대구광역시,달서구,민간,난나어린이집,053-523-7979,대구광역시 달서구 와룡로45길 56-19 (용산동),35.8531268,128.5345666
대구광역시,달서구,민간,담은어린이집,053-525-4181,"대구광역시 달서구 용산로 259 (용산동, 용산파크타운)",35.8540612,128.5311845
대구광역시,달서구,민간,용산어린이집,053-522-0045,"대구광역시 달서구 용산서로 9  (용산동, 세광태왕2차타운)",35.8575966,128.5264544
대구광역시,달서구,민간,은하수어린이집,053-521-9778,대구광역시 달서구 달구벌대로301길 58 (용산동),35.8542332,128.531743
대구광역시,달서구,민간,키즈하버드어린이집,053-525-4014,"대구광역시 달서구 용산로 254 201동1층 (용산동,,용산청구블루빌타운)",35.89393,128.62394500000002
대구광역시,달서구,민간,한세어린이집,053-568-5008,대구광역시 달서구 와룡로51길 72-20 (용산동),35.8556129,128.531735
대구광역시,달서구,민간,행복한자이어린이집,053-563-6100,"대구광역시 달서구 달구벌대로 1515 (용산동, 용산자이)",35.8504785,128.5397056
대구광역시,달서구,가정,용산파크어린이집,053-525-0686,"대구광역시 달서구 용산로 259 101동 102호(용산동, 용산파크타운)",35.89422999999999,128.624245
대구광역시,달서구,가정,해피키드어린이집,053-527-2777,"대구광역시 달서구 용산로 174 103동 105호(용산동, 용산우방아파트)",35.89433,128.624345
대구광역시,달서구,국공립,꿈동산어린이집,053-587-2380,"대구광역시 달서구 성지로 12 관리동(용산2동, 성서주공7단지)",35.89443,128.624445
대구광역시,달서구,사회복지법인,한솔어린이집,053-587-7970,대구광역시 달서구 성지로16길 69-6 (용산동),35.8565306,128.5225015
대구광역시,달서구,민간,백산어린이집,053-588-5563,"대구광역시 달서구 성지로 75 (용산동, 성서청구아파트)",35.8560216,128.5199554
대구광역시,달서구,민간,성지숲속어린이집,053-587-3825,"대구광역시 달서구 성지로 42 (용산동, 성서주공8단지)",35.8534853,128.5212445
대구광역시,달서구,민간,소리나는어린이집,053-587-5859,대구광역시 달서구 새동네로 34 보람타운내 (용산동),35.89483,128.62484500000002
대구광역시,달서구,민간,키즈랜드어린이집,053-583-5580,"대구광역시 달서구 선원남로 151 (용산동, 한마음타운)",35.8573566,128.5043174
대구광역시,달서구,가정,까꿍몬테소리어린이집,053-587-6921,"대구광역시 달서구 성지로 75 102동 103호(용산동, 성서청구아파트)",35.89503,128.625045
대구광역시,달서구,가정,별다래어린이집,053-582-1171,"대구광역시 달서구 성지로 35  (용산동, 성서주공6단지)",35.8534853,128.5212445
대구광역시,달서구,가정,보성어린이집,053-586-4424,"대구광역시 달서구 선원로 241 (용산동, 성서2차보성타운)",35.8590876,128.5066836
대구광역시,달서구,가정,성산이지숲어린이집,053-262-1626,"대구광역시 달서구 선원남로 181 (용산동, 성서주공5단지)",35.858072,128.5203326
대구광역시,달서구,국공립,다원어린이집,053-635-5633,"대구광역시 달서구 조암로10길 11 (월성동, 월성협성휴포레)",35.8266868,128.5199268
대구광역시,달서구,국공립,라온어린이집,053-636-0789,대구광역시 달서구 조암남로14길 57,35.8224464,128.5253491
대구광역시,달서구,국공립,사랑별어린이집,053-641-4500,"대구광역시 달서구 월성로 132 (월성동, 이편한세상월배아파트)",35.828207,128.5241791
대구광역시,달서구,국공립,아이멘토어린이집,053-295-3334,"대구광역시 달서구 조암로6길 20 관리동내 101호(월성동, 월성푸르지오)",35.89572999999999,128.62574500000002
대구광역시,달서구,국공립,월성삼정에듀파크어린이집,053-716-3690,대구광역시 달서구 월성로 100 관리동(월성삼정그린코아에듀파크),35.89583,128.62584500000003
대구광역시,달서구,국공립,월성이편한어린이집,053-259-8500,"대구광역시 달서구 조암남로 10 (월성동, 월성e편한세상)",35.8198872,128.5230791
대구광역시,달서구,국공립,하늘꿈채어린이집,053-631-3924,"대구광역시 달서구 조암남로16길 19 관리동107동앞(월성동, 월성동코오롱하늘채)",35.896029999999996,128.626045
대구광역시,달서구,사회복지법인,상원어린이집,053-643-1004,대구광역시 달서구 조암로 89-23 (월성동),35.8230817,128.521687
대구광역시,달서구,민간,삼성래미안어린이집,053-641-1201,대구광역시 달서구 상원로 143 래미안월성아파트 관리동내 (월성동),35.896229999999996,128.626245
대구광역시,달서구,민간,아이린어린이집,053-637-4900,대구광역시 달서구 월배로33길 115 (월성동),35.8201571,128.5273623
대구광역시,달서구,민간,월성아이세상어린이집,053-642-7500,대구광역시 달서구 조암남로10길 42 (월성동),35.8226112,128.5268535
대구광역시,달서구,민간,하늘꿈어린이집,053-631-3927,대구광역시 달서구 조암로14안길 18-9 (월성동),35.89653,128.62654500000002
대구광역시,달서구,가정,그린키즈태왕어린이집,053-636-6599,"대구광역시 달서구 조암남로 24 (월성동, 월성태왕아너스)",35.8198872,128.5230791
대구광역시,달서구,가정,꽃들어린이집,053-644-0767,"대구광역시 달서구 월성로 100 112동 101호(월성동, 월성삼정그린코아에듀파크)",35.89673,128.626745
대구광역시,달서구,가정,단비어린이집,053-631-3921,"대구광역시 달서구 월성로 132 105동 103호(월성동, 이편한세상월배아파트)",35.896829999999994,128.626845
대구광역시,달서구,가정,베스트어린이집,053-636-6345,"대구광역시 달서구 월배로33길 117 102동 101호(월성동, 태왕아너스베스트)",35.89693,128.626945
대구광역시,달서구,가정,새기쁨어린이집,053-636-1431,"대구광역시 달서구 조암로6길 19 101동 107호(월성동, 월드메르디앙)",35.897029999999994,128.627045
대구광역시,달서구,가정,참좋은어린이집,053-632-7953,"대구광역시 달서구 학산로2길 39 101동 109호(월성동, 월성영남맨션)",35.89713,128.627145
대구광역시,달서구,가정,청솔어린이집,053-292-5888,"대구광역시 달서구 조암로6길 20 108동 108호(월성동, 월성푸르지오)",35.89722999999999,128.62724500000002
대구광역시,달서구,가정,하늘채어린이집,053-632-5822,"대구광역시 달서구 조암남로16길 19 106동108호 (월성동, 월성동코오롱하늘채)",35.89733,128.62734500000002
대구광역시,달서구,가정,해담어린이집,053-635-4488,"대구광역시 달서구 조암로6길 20 102동 105호(월성동, 월성푸르지오)",35.89743,128.62744500000002
대구광역시,달서구,가정,행복한어린이집,053-634-3217,"대구광역시 달서구 학산로 30 107동 101호(월성동, 월성보성타운)",35.897529999999996,128.62754500000003
대구광역시,달서구,국공립,로사어린이집,053-634-8298,"대구광역시 달서구 월성로 77 (월성동, 월성주공아파트2단지)",35.828207,128.5241791
대구광역시,달서구,국공립,월성무지개어린이집,053-638-1127,"대구광역시 달서구 학산로7길 39 (월성동, 월성주공3단지아파트)",35.832664,128.5312291
대구광역시,달서구,가정,서한프뢰벨어린이집,053-636-0930,"대구광역시 달서구 학산로 15 102동 102호(월성동, 월성서한이다음)",35.89783,128.627845
대구광역시,달서구,국공립,AK아이터어린이집,053-634-5115,"대구광역시 달서구 월배로11길 33 (진천동, 진천역AK그랑폴리스)",35.814114,128.5199214
대구광역시,달서구,국공립,아이빛어린이집,053-635-7400,대구광역시 달서구 조암남로 182 월배아이파크1차,35.89803,128.62804500000001
대구광역시,달서구,국공립,아이솔어린이집,053-638-5582,"대구광역시 달서구 월배로5길 76 (유천동, 대구월배아이파크2차)",35.8130081,128.5163178
대구광역시,달서구,국공립,월배삼정어린이집,053-632-3240,"대구광역시 달서구 조암남로32길 40 (대천동, 월배삼정그린코아포레스트)",35.8187596,128.5151708
대구광역시,달서구,국공립,월배힐스테이트어린이집,053-632-5408,대구광역시 달서구 조암남로 132 102동 103호,35.898329999999994,128.62834500000002
대구광역시,달서구,민간,썸머힐어린이집,053-638-3131,대구광역시 달서구 조암남로27길 10 (대천동),35.89843,128.628445
대구광역시,달서구,민간,아이마루어린이집,053-636-0992,"대구광역시 달서구 조암남로 132 (대천동, 월배힐스테이트)",35.8184573,128.5178117
대구광역시,달서구,민간,키즈월드어린이집,053-643-5133,"대구광역시 달서구 달서대로 41 104동1층 (유천동 ,대곡역화성파크드림)",35.89863,128.628645
대구광역시,달서구,민간,하늘숲어린이집,053-637-7717,"대구광역시 달서구 조암남로32길 13  204동 (유천동, 월배쌍용예가아파트 부속동)",35.89872999999999,128.628745
대구광역시,달서구,가정,빛소어린이집,053-633-6616,"대구광역시 달서구 월배로5길 76 201동 103호(유천동, 월배아이파크2차아파트)",35.89883,128.628845
대구광역시,달서구,가정,사랑가득어린이집,053-639-7955,"대구광역시 달서구 월배로5길 76 214동 103호 (유천동, 대구월배2차아이파크)",35.89893,128.62894500000002
대구광역시,달서구,가정,아이파크어린이집,053-634-9577,"대구광역시 달서구 조암남로 182 103동 102호 (유천동, 대구월배IPARK)",35.899029999999996,128.62904500000002
대구광역시,달서구,가정,한가람어린이집,053-262-0079,"대구광역시 달서구 달서대로 67 (유천동, 포스코더샵)",35.8133904,128.5116217
대구광역시,달서구,국공립,한별어린이집,053-588-5008,"대구광역시 달서구 이곡공원로 33 (이곡동, 성서동서화성타운)",35.855314,128.5113628
대구광역시,달서구,사회복지법인,청아어린이집,053-592-7972,대구광역시 달서구 이곡공원로1길 16 (이곡동),35.8570312,128.5081445
대구광역시,달서구,민간,성서무지개어린이집,053-588-7915,"대구광역시 달서구 선원로 171 (이곡동, 성서무지개타운)",35.8590876,128.5066836
대구광역시,달서구,민간,신나는어린이집,053-587-6878,"대구광역시 달서구 선원로 137  (이곡동 ,푸른마을)",35.8588206,128.5225831
대구광역시,달서구,민간,아이누리어린이집,053-586-9388,"대구광역시 달서구 선원남로 99 (이곡동 ,성서한빛마을)",35.8571769,128.5142588
대구광역시,달서구,민간,예나어린이집,053-213-0693,대구광역시 달서구 성서로72길 97-11 (이곡동),35.849421,128.5115741
대구광역시,달서구,민간,토마토어린이집,053-587-7009,대구광역시 달서구 성서동로65길 24 (이곡동),35.899829999999994,128.62984500000002
대구광역시,달서구,가정,숲속나라어린이집,053-592-0377,"대구광역시 달서구 선원남로 99 311동 103호(이곡동, 성서한빛마을)",35.89993,128.62994500000002
대구광역시,달서구,가정,인성어린이집,053-592-3266,"대구광역시 달서구 선원남로 99 317동 102호(이곡동, 성서한빛마을)",35.900029999999994,128.63004500000002
대구광역시,달서구,가정,키즈맘어린이집,053-631-8057,"대구광역시 달서구 이곡공원로 33 201동 109호(이곡동, 성서동서화성타운)",35.90013,128.630145
대구광역시,달서구,가정,혜솔어린이집,053-586-1827,"대구광역시 달서구 성서동로 355-27  (이곡동 ,대구성서4주공)",35.8295455,128.5158539
대구광역시,달서구,직장,대구성서경찰서어린이집,053-587-7767,대구광역시 달서구 달구벌대로259길 15 성서경찰서,35.90033,128.630345
대구광역시,달서구,국공립,으뜸어린이집,053-581-0016,"대구광역시 달서구 선원로 122 (이곡동, 성서2차서한타운)",35.8590876,128.5066836
대구광역시,달서구,국공립,큰별어린이집,053-581-4168,대구광역시 달서구 선원로23북길 16-10 (이곡동),35.8607542,128.5025401
대구광역시,달서구,사회복지법인,국민연금어린이집,053-587-3230,"대구광역시 달서구 성서로 419  (이곡동 ,국민연금대구회관건물)",35.8355686,128.5072827
대구광역시,달서구,가정,미소어린이집,053-593-1333,"대구광역시 달서구 계대동문로 123 101동 101호(이곡동, 우방아파트)",35.900729999999996,128.63074500000002
대구광역시,달서구,가정,앙팡어린이집,053-586-4565,"대구광역시 달서구 선원로 100 105동 101호(이곡동, 동서서한아파트)",35.90083,128.63084500000002
대구광역시,달서구,가정,행복둥이어린이집,053-585-5134,"대구광역시 달서구 성서서로 316 301동 102호(이곡동, 대백창신한라)",35.900929999999995,128.63094500000003
대구광역시,달서구,가정,행복한아이들어린이집,053-585-5810,"대구광역시 달서구 성서서로 330 105동 105호(이곡동, 청남아파트)",35.90103,128.631045
대구광역시,달서구,국공립,라온키즈어린이집,053-525-0544,"대구광역시 달서구 한들로 55 302동 1층 관리동(장기동,장기초록나라)",35.901129999999995,128.631145
대구광역시,달서구,국공립,우리아이어린이집,053-552-5252,대구광역시 달서구 용산로14길 39,35.8430142,128.5323475
대구광역시,달서구,민간,죽전역하늘채어린이집,053-566-1971,"대구광역시 달서구 용산로12길 77 (장기동,죽전역코오롱하늘채)",35.8425162,128.5333362
대구광역시,달서구,민간,하담어린이집,053-526-7932,"대구광역시 달서구 한들로 36  (장기동 ,영남네오빌파크)",35.848,128.5259538
대구광역시,달서구,가정,하늘땅어린이집,053-521-7713,"대구광역시 달서구 한들로 70 301동 102호 (장기동 ,장기파랑새마을)",35.901529999999994,128.63154500000002
대구광역시,달서구,국공립,에일린의뜰어린이집,053-563-7801,대구광역시 달서구 와룡로 254 죽전역에일린의뜰,35.90163,128.63164500000002
대구광역시,달서구,국공립,조은어린이집,053-562-0266,대구광역시 달서구 당산로45길 95 (감삼동),35.8557432,128.5434908
대구광역시,달서구,민간,대구예술어린이집,053-552-0179,대구광역시 달서구 죽전1안길 14 (죽전동),35.8537073,128.5396278
대구광역시,달서구,민간,죽전어린이집,053-555-1087,대구광역시 달서구 와룡로51길 56-12 (죽전동),35.8561989,128.533252
대구광역시,달서구,국공립,The숲어린이집,053-636-6300,"대구광역시 달서구 갈밭로 33 (대곡동, LH천년나무1단지아파트)",35.8057901,128.5294254
대구광역시,달서구,국공립,라온디엘어린이집,053-633-7742,"대구광역시 달서구 월배로 159 (진천동, 월배라온프라이빗디엘)",35.8124114,128.5182749
대구광역시,달서구,국공립,라온센텀어린이집,053-643-5853,대구광역시 달서구 진천로16길 26 관리동(진천역라온프라이빗센텀),35.902229999999996,128.632245
대구광역시,달서구,국공립,서한어린이집,053-631-3111,"대구광역시 달서구 한실로6길 123 (대곡동, 수목원서한이다음아파트)",35.79802,128.5292656
대구광역시,달서구,국공립,수목원풍경채어린이집,053-642-2020,"대구광역시 달서구 갈밭남로 12 (대곡동, 수목원제일풍경채)",35.8011799,128.5340286
대구광역시,달서구,국공립,월배어린이집,053-632-0525,대구광역시 달서구 상화로9길 102-10 (진천동),35.8106506,128.5200968
대구광역시,달서구,국공립,풍경그린M어린이집,053-247-7770,"대구광역시 달서구 갈밭남로 64 (대곡동, 수목원풍경그린)",35.8011799,128.5340286
대구광역시,달서구,국공립,호정어린이집,053-710-6030,"대구광역시 달서구 갈밭남로 17 (대곡동, 수목원호정포레스트)",35.8011799,128.5340286
대구광역시,달서구,사회복지법인,사랑마을어린이집,053-635-0178,대구광역시 달서구 진천로10길 12 (진천동),35.8118969,128.5263398
대구광역시,달서구,사회복지법인,상록수어린이집,053-642-6642,대구광역시 달서구 월배로23길 51 (진천동),35.8160125,128.5260118
대구광역시,달서구,사회복지법인,아이원어린이집,053-639-2727,대구광역시 달서구 상화로9길 72-14 (진천동),35.8124759,128.5197702
대구광역시,달서구,사회복지법인,한누리어린이집,053-639-2126,대구광역시 달서구 상화로9길 11 (진천동),35.8124759,128.5197702
대구광역시,달서구,민간,나경어린이집,053-632-0103,대구광역시 달서구 상화로 26-16 (대곡동),35.8076117,128.5236546
대구광역시,달서구,민간,리슈빌어린이집,053-638-9199,"대구광역시 달서구 진천로 77 105동 1층 (진천동, 진천역계룡리슈빌)",35.90333,128.63334500000002
대구광역시,달서구,민간,생각이크는어린이집,053-635-1462,대구광역시 달서구 상화북로5길 18 (진천동),35.8120983,128.5281028
대구광역시,달서구,민간,아이비어린이집,053-643-2233,대구광역시 달서구 진천로3길 31 (진천동),35.8099649,128.523989
대구광역시,달서구,민간,예영어린이집,053-633-7648,대구광역시 달서구 진천로10길 58 (진천동),35.8118969,128.5263398
대구광역시,달서구,민간,위드아이어린이집,053-636-6900,"대구광역시 달서구 비슬로 2734 (대곡동, 대곡역화성파크드림위드)",35.8090785,128.5144372
대구광역시,달서구,가정,래미안어린이집,053-644-9797,"대구광역시 달서구 상화로8길 23 (대곡동, 삼성1차래미안아파트)",35.8083481,128.5143588
대구광역시,달서구,가정,포스빌어린이집,053-294-3320,"대구광역시 달서구 월서로 51 관리동 (진천동, 월배역포스코더샵)",35.903929999999995,128.633945
대구광역시,달서구,직장,iM뱅크아이꿈터달서어린이집,053-637-1600,대구광역시 달서구 월배로 109,35.8124114,128.5182749
대구광역시,달서구,직장,대구광역시달서구청직장어린이집,053-719-3131,대구광역시 달서구 월배로 95-17 (진천동),35.8284025,128.5500174
대구광역시,달서구,직장,정부대구지방합동청사행복한어린이집,053-230-7366,대구광역시 달서구 화암로 301 (대곡동) 정부대구지방합동청사,35.8054425,128.5207658
대구광역시,달성군,사회복지법인,가창어린이집,053-767-3444,대구광역시 달성군 가창면 퇴계길 5,35.904329999999995,128.63434500000002
대구광역시,달성군,국공립,가온솔어린이집,053-614-6636,대구광역시 달성군 과학마을로2길 6,35.6529155,128.416021
대구광역시,달성군,국공립,구지반도유보라어린이집,053-615-5225,대구광역시 달성군 구지면 과학마을로3길 14,35.6563154,128.419735
대구광역시,달성군,국공립,구지어린이집,053-614-3811,대구광역시 달성군 창리중앙3길 12,35.6564755,128.41043
대구광역시,달성군,국공립,디에트르어린이집,053-617-1434,대구광역시 달성군 국가산단대로70길 17,35.6612377,128.4203374
대구광역시,달성군,국공립,모아미래도어린이집,053-617-1447,대구광역시 달성군 국가산단대로70길 42,35.6612377,128.4203374
대구광역시,달성군,국공립,반도아이사랑어린이집,053-615-2363,대구광역시 달성군 국가산단북로60길 59,35.6604602,128.4226941
대구광역시,달성군,국공립,영무예다음어린이집,053-617-5656,대구광역시 달성군 국가산단서로84길 118,35.6605221,128.4067288
대구광역시,달성군,국공립,유보라어린이집,053-617-7955,대구광역시 달성군 국가산단북로34길 10,35.6624727,128.4102617
대구광역시,달성군,국공립,줌파크어린이집,053-615-7942,대구광역시 달성군 국가산단대로64길 63,35.6583415,128.419824
대구광역시,달성군,민간,과학마을어린이집,053-615-3615,대구광역시 달성군 구지면 과학마을로 70 과학마을청아람 단지 내,35.90533,128.635345
대구광역시,달성군,민간,도원어린이집,053-269-3355,대구광역시 달성군 창리중앙2길 28,35.6591857,128.410913
대구광역시,달성군,민간,킨더바움어린이집,053-615-5594,대구광역시 달성군 구지면 창리서로6길 22,35.6577916,128.4082164
대구광역시,달성군,가정,구지아이숲어린이집,053-615-4467,대구광역시 달성군  구지면 과학마을로3길 14 104동103호(대구국가산단반도유보라),35.905629999999995,128.635645
대구광역시,달성군,가정,꿈나무어린이집,053-290-0660,대구광역시 달성군 구지면 과학마을로2길 6 207동105호(달성 화성 파크드림),35.90573,128.63574500000001
대구광역시,달성군,가정,펀키즈어린이집,053-615-2677,대구광역시 달성군 구지면 과학마을로2길 6 208동 102호(달성화성파크드림),35.905829999999995,128.63584500000002
대구광역시,달성군,국공립,스탠포드어린이집,053-614-7017,대구광역시 달성군 논공읍 논공로5길 198,35.7292041,128.442177
대구광역시,달성군,사회복지법인,논공어린이집,053-614-1644,대구광역시 달성군 논공읍 논공로23길 6-15,35.73,128.4462873
대구광역시,달성군,사회복지법인,미소어린이집,053-615-5559,대구광역시 달성군 논공읍 논공로5길 121 사회복지법인 미소어린이집,35.90613,128.636145
대구광역시,달성군,민간,그린어린이집,053-615-2006,대구광역시 달성군 논공읍 논공로15길 20-9,35.7295126,128.4415026
대구광역시,달성군,민간,꿈그린어린이집,053-614-3377,대구광역시 달성군 논공로17길 20,35.7301472,128.4424403
대구광역시,달성군,민간,미가숲어린이집,053-611-2231,대구광역시 달성군 논공읍 금포로 75-20,35.7691307,128.4263448
대구광역시,달성군,민간,북동아이사랑어린이집,053-617-1004,대구광역시 달성군 논공읍 논공로15길 16,35.7295126,128.4415026
대구광역시,달성군,민간,이튼어린이집,053-617-7001,대구광역시 달성군 논공읍 논공로17길 16-8,35.7301472,128.4424403
대구광역시,달성군,민간,남동어린이집,053-615-7979,대구광역시 달성군 남리길 32-6,35.724234,128.4498426
대구광역시,달성군,민간,아이조아어린이집,053-615-8882,대구광역시 달성군 논공로17길 20-7,35.7301472,128.4424403
대구광역시,달성군,가정,아이랑어린이집,053-614-3590,대구광역시 달성군 논공읍 논공로7길 40-22,35.7301123,128.4386641
대구광역시,달성군,가정,알짬어린이집,053-615-6158,대구광역시 달성군 논공로23길 14 성원아파트 4/102,35.90703,128.637045
대구광역시,달성군,국공립,다사랑어울림어린이집,053-588-1212,대구광역시 달성군 다사읍 다사로 71,35.8846162,128.5057722
대구광역시,달성군,국공립,대실역e편한세상어린이집,053-587-9835,대구광역시 달성군 다사읍 죽곡1길 42 105동 101호,35.90723,128.637245
대구광역시,달성군,국공립,리슈빌한서어린이집,053-584-5854,대구광역시 달성군 다사읍 대실역남로 33 308동 105호(대실역리슈빌3단지),35.907329999999995,128.637345
대구광역시,달성군,국공립,매곡어린이집,053-591-0065,대구광역시 달성군 다사읍 매곡로14길 11,35.8661617,128.4554962
대구광역시,달성군,국공립,보문어린이집,053-592-8815,대구광역시 달성군 다사읍 다사로 82-2,35.8846162,128.5057722
대구광역시,달성군,국공립,서재태왕아너스어린이집,053-585-8855,대구광역시 달성군 다사읍 궁산2길 12,35.90763,128.63764500000002
대구광역시,달성군,국공립,아이사랑어린이집,053-591-7895,대구광역시 달성군 다사읍 달구벌대로 790,35.8501663,128.4456782
대구광역시,달성군,국공립,에코동화아이위시어린이집,053-591-7005,대구광역시 달성군 다사읍 서재로7길 23 (에코폴리스동화아이위시2차),35.8698017,128.4908121
대구광역시,달성군,국공립,죽곡한신휴플러스어린이집,053-587-6873,대구광역시 달성군 다사읍 대실역남로 50 (죽곡한신휴플러스),35.8567023,128.4649392
대구광역시,달성군,국공립,죽곡협성휴포레어린이집,053-591-7708,대구광역시 달성군 다사읍 달구벌대로174길 50,35.8594323,128.4625829
대구광역시,달성군,국공립,죽곡휴먼시아어린이집,053-582-0059,"대구광역시 달성군 다사읍 대실역북로1길 6 106동 1층(매곡리, 죽곡휴먼시아1단지아파트)",35.90813,128.638145
대구광역시,달성군,국공립,즐거운어린이집,053-585-7911,대구광역시 달성군 다사읍 대실역북로 26 205동 105호,35.908229999999996,128.638245
대구광역시,달성군,국공립,푸르지오어린이집,053-582-2585,대구광역시 달성군 다사읍 대실역남로 93 204동 105호,35.90833,128.63834500000002
대구광역시,달성군,국공립,해피아이어린이집,053-583-7100,대구광역시 달성군 다사읍 대실역북로 96,35.8621553,128.4675287
대구광역시,달성군,국공립,힐스테이트다사어린이집,053-585-5068,대구광역시 달성군 다사읍 매곡로12길 22,35.8650115,128.4562271
대구광역시,달성군,사회복지법인,녹원어린이집,053-591-4799,대구광역시 달성군 다사읍 다사로 82-4 녹원어린이집,35.908629999999995,128.63864500000003
대구광역시,달성군,사회복지법인,세계어린이집,053-593-5115,대구광역시 달성군 다사읍 매곡로4길 36,35.8650538,128.4542709
대구광역시,달성군,사회복지법인,죽곡어린이집,053-585-5432,대구광역시 달성군 다사읍 달구벌대로174길 17-5,35.8594323,128.4625829
대구광역시,달성군,민간,강창리더스어린이집,053-587-0300,대구광역시 달성군 달구벌대로 814 강창하이츠 단지내,35.90893,128.638945
대구광역시,달성군,민간,그린숲어린이집,053-586-0056,대구광역시 달성군 다사읍 다사로 50 관리동,35.909029999999994,128.639045
대구광역시,달성군,민간,다사동그라미어린이집,053-581-1158,대구광역시 달성군 다사역로 60,35.8675482,128.4573563
대구광역시,달성군,민간,대실아름어린이집,053-584-9333,대구광역시 달성군 대실역남로 35 죽곡청아람리슈빌4단지,35.909229999999994,128.63924500000002
대구광역시,달성군,민간,라온숲어린이집,053-286-2114,대구광역시 달성군 다사읍 대실역남로 93 죽곡푸르지오 209동 1층,35.90933,128.63934500000002
대구광역시,달성군,민간,빛나는별어린이집,053-588-3279,대구광역시 달성군 다사읍 매곡로14길 8 삼정그린코아더베스트,35.90942999999999,128.63944500000002
대구광역시,달성군,민간,아이엠어린이집,053-586-8133,대구광역시 달성군 다사읍 다사로 103-8,35.8846162,128.5057722
대구광역시,달성군,민간,은초롱 어린이집,053-582-8081,대구광역시 달성군 다사읍 서재본1길 11,35.8734067,128.4950027
대구광역시,달성군,민간,정원숲어린이집,053-621-1617,대구광역시 달성군 다사읍 죽곡2길 2-10,35.8577825,128.4613555
대구광역시,달성군,민간,죽곡아이세상어린이집,053-584-3000,대구광역시 달성군 다사읍 대실역남로 11 보육시설,35.90983,128.639845
대구광역시,달성군,민간,청아람어린이집,053-585-9989,대구광역시 달성군 다사읍 대실역북로 26 대실역청아람 2단지,35.909929999999996,128.639945
대구광역시,달성군,민간,초록마을어린이집,053-292-7902,대구광역시 달성군 다사읍 대실역북로 38 106동 103호(대실역청아람1단지),35.91003,128.64004500000001
대구광역시,달성군,민간,키즈월드어린이집,053-584-5144,대구광역시 달성군 다사읍 죽곡1길 42 대실이편한세상내,35.910129999999995,128.64014500000002
대구광역시,달성군,민간,햇살조은어린이집,053-593-3421,대구광역시 달성군 다사읍 왕선로 26 죽곡 하우젠트아너스빌 302동,35.91023,128.64024500000002
대구광역시,달성군,가정,도담어린이집,053-581-8446,대구광역시 달성군 다사읍 서재로7길 25 305동 105호 (에코폴리스 동화아이위시3차),35.910329999999995,128.64034500000002
대구광역시,달성군,가정,동화나라어린이집,053-267-2588,대구광역시 달성군 다사읍 서재로7길 25 314동 106호(동화아이위시3차),35.91043,128.640445
대구광역시,달성군,가정,아너스어린이집,053-586-4416,대구광역시 달성군 다사읍 왕선로 26 102동 102호(죽곡 하우젠트아너스빌),35.910529999999994,128.640545
대구광역시,달성군,가정,엄마사랑어린이집,053-588-4999,"대구광역시 달성군 다사읍 달구벌대로 812 203동 106호(죽곡리, 강창하이츠)",35.91063,128.640645
대구광역시,달성군,가정,유앤아이어린이집,053-626-2580,"대구광역시 달성군 다사읍 매곡로4길 9 103동 1층(매곡리, 다사한일유앤아이)",35.910729999999994,128.640745
대구광역시,달성군,가정,카이스트어린이집,053-582-0995,대구광역시 달성군 다사읍 서재로7길 25 310동 102호(에코폴리스 동화아이위시3차),35.91083,128.640845
대구광역시,달성군,가정,토토빌어린이집,053-587-6565,대구광역시 달성군 다사읍 대실역북로 38 105동 107호 (청아람아파트),35.91092999999999,128.64094500000002
대구광역시,달성군,가정,파란마을어린이집,053-586-8710,대구광역시 달성군 다사읍 죽곡2길 6 103/108,35.91103,128.64104500000002
대구광역시,달성군,가정,풍경어린이집,053-587-9193,대구광역시 달성군 다사읍 세천남로 35 111동 101호(제일풍경채 프라임),35.91113,128.64114500000002
대구광역시,달성군,가정,한서어린이집,053-586-5856,"대구광역시 달성군 다사읍 달구벌대로 802-1 101동 101호(, 강창한서꼼빠니아타운)",35.911229999999996,128.64124500000003
대구광역시,달성군,국공립,삼정그린아이어린이집,053-582-7117,대구광역시 달성군 다사읍 세천북로 10,35.877868,128.4761839
대구광역시,달성군,국공립,에코폴리스어린이집,053-588-7940,대구광역시 달성군 다사읍 서재로12길 38 관리동,35.911429999999996,128.641445
대구광역시,달성군,국공립,풍경채프라임어린이집,053-581-7373,대구광역시 달성군 다사읍 세천남로 35,35.873448,128.4773659
대구광역시,달성군,국공립,한라아이터어린이집,053-591-7179,대구광역시 달성군 다사읍 세천로 187,35.8729717,128.48529
대구광역시,달성군,사회복지법인,서재어린이집,053-585-3396,대구광역시 달성군 다사읍 서재로20길 23,35.8714249,128.4983736
대구광역시,달성군,민간,리틀삐아제어린이집,053-585-2816,대구광역시 달성군 다사읍 서재로 59,35.8839118,128.5016155
대구광역시,달성군,민간,아이꿈어린이집,053-585-0111,대구광역시 달성군 다사읍 서재로 120,35.8839118,128.5016155
대구광역시,달성군,민간,아이위시3차어린이집,053-592-2001,대구광역시 달성군 다사읍 서재로7길 25 보육시설,35.912029999999994,128.64204500000002
대구광역시,달성군,민간,재능어린이집,053-586-5018,대구광역시 달성군 서재로30길 42 서재우방아파트내 재능어린이집,35.91213,128.642145
대구광역시,달성군,민간,현대엠코아이마루어린이집,053-242-6435,대구광역시 달성군 다사읍 세천로 160 북죽곡엠코타운더솔레뉴 단지 내,35.912229999999994,128.642245
대구광역시,달성군,민간,화성키즈스쿨 어린이집,053-591-8858,대구광역시 달성군 다사읍 서재로27길 42 (신성서화성파크드림 단지내),35.8755287,128.4952166
대구광역시,달성군,가정,가온누리어린이집,053-586-1050,대구광역시 달성군 다사읍 세천로 160 104동 105호 (북죽곡엠코타운더솔레뉴),35.91242999999999,128.642445
대구광역시,달성군,가정,비발디어린이집,053-587-8089,대구광역시 달성군 다사읍 세천로 187 107동 104호(대구세천한라비발디),35.91253,128.642545
대구광역시,달성군,가정,오즈어린이집,053-281-6838,"대구광역시 달성군 다사읍 서재로30길 17 106동 103호(서재리, 서재보성타운1차아파트)",35.91263,128.64264500000002
대구광역시,달성군,가정,온유어린이집,053-292-7804,대구광역시 달성군 다사읍 세천로 187 108동 106호(대구세천한라비발디),35.912729999999996,128.64274500000002
대구광역시,달성군,가정,진흥파크어린이집,070-7633-2280,대구광역시 달성군 다사읍 서재로24길 29,35.8721315,128.5009071
대구광역시,달성군,가정,참사랑어린이집,053-585-3025,대구광역시 달성군 다사읍 서재로30길 7 서재2차보성타운 205동 102호,35.912929999999996,128.64294500000003
대구광역시,달성군,가정,키즈맘어린이집,053-583-5066,대구광역시 달성군 다사읍 서재로12길 41-16 103동 106호(와룡건영캐스빌),35.91303,128.643045
대구광역시,달성군,국공립,강림어린이집,053-617-9801,대구광역시 달성군 옥포면 돌미로 51 천년나무2단지,35.913129999999995,128.643145
대구광역시,달성군,국공립,대성베르힐어린이집,053-615-4700,대구광역시 달성군 옥포읍 돌미로8길 19,35.7819264,128.449894
대구광역시,달성군,국공립,르상트레빌어린이집,053-617-0880,대구광역시 달성군 옥포읍 금계길 12,35.7874208,128.4452484
대구광역시,달성군,국공립,미진아이마루어린이집,053-614-6784,대구광역시 달성군 옥포읍 비슬로447길 56 108동 1층,35.91343,128.643445
대구광역시,달성군,국공립,옥포서한이다음어린이집,053-614-7679,대구광역시 달성군 옥포읍 돌미로6길 5,35.7800095,128.4470838
대구광역시,달성군,국공립,옥포어린이집,053-614-5644,대구광역시 달성군 옥포면 신당4길 25 공립옥포어린이집,35.91363,128.64364500000002
대구광역시,달성군,국공립,옥포이진캐스빌어린이집,053-614-7892,대구광역시 달성군 옥포읍 비슬로 2001,35.7835877,128.4403879
대구광역시,달성군,민간,가온빛어린이집,053-614-2999,대구광역시 달성군 옥포읍 비슬로 1941 LH허브시티 관리동,35.91383,128.643845
대구광역시,달성군,민간,베르힐어린이집,053-617-0708,대구광역시 달성군 옥포면 돌미로 70,35.91392999999999,128.643945
대구광역시,달성군,민간,아이원어린이집,053-616-8585,대구광역시 달성군 옥포면 금계길 53-1,35.91403,128.644045
대구광역시,달성군,민간,옥포천년나무어린이집,053-611-8855,대구광역시 달성군 옥포면 돌미로2길 15 대구옥포LH천년나무 3단지,35.91413,128.644145
대구광역시,달성군,가정,꼬꼬마어린이집,053-614-6141,대구광역시 달성군 옥포면 돌미로 70 417동 103호(옥포대성베르힐4단지),35.914229999999996,128.644245
대구광역시,달성군,가정,이지비아어린이집,053-294-9224,대구광역시 달성군 옥포면 비슬로447길 56 101동 104호(미진이지비아),35.91433,128.64434500000002
대구광역시,달성군,직장,달성군청직장어린이집,053-721-7704,대구광역시 달성군 옥포면 강림3길 42,35.914429999999996,128.64444500000002
대구광역시,달성군,국공립,반도유보라어린이집,053-611-5013,대구광역시 달성군 유가면 테크노대로 195 대구테크노폴리스 반도유보라아이비파크,35.91453,128.64454500000002
대구광역시,달성군,국공립,예미지더센트럴어린이집,053-616-2727,대구광역시 달성군 유가읍 테크노북로 260 예미지더센트럴,35.914629999999995,128.64464500000003
대구광역시,달성군,국공립,우미린더포레스트어린이집,053-611-3315,대구광역시 달성군 유가면 테크노북로9길 16 (우미린더포레스트),35.91473,128.644745
대구광역시,달성군,국공립,제일풍경채센트럴어린이집,053-615-1313,대구광역시 달성군 유가면 테크노대로 165,35.914829999999995,128.644845
대구광역시,달성군,국공립,중흥꿈자람어린이집,053-616-5200,대구광역시 달성군 유가읍 테크노순환로 423,35.7007938,128.4678561
대구광역시,달성군,국공립,진아리채어린이집,053-611-3636,대구광역시 달성군 유가읍 테크노대로5길 79 104동 104호,35.915029999999994,128.645045
대구광역시,달성군,국공립,풍경채어린이집,053-269-3030,대구광역시 달성군 유가읍 테크노대로 165 214동 103호,35.91513,128.645145
대구광역시,달성군,국공립,해솔어린이집,053-615-6615,대구광역시 달성군 유가읍 테크노대로5길 80 205동 104호(호반베르디움 더 클래스),35.915229999999994,128.64524500000002
대구광역시,달성군,국공립,호반베르디움어린이집,053-615-3606,대구광역시 달성군 유가읍 테크노대로5길 58 (호반베르디움),35.6944594,128.4667961
대구광역시,달성군,국공립,호반아이숲어린이집,053-615-1881,대구광역시 달성군 유가면 테크노대로5길 80,35.91542999999999,128.64544500000002
대구광역시,달성군,민간,다연어린이집,053-617-9005,대구광역시 달성군 유가읍 테크노상업로 111 테크노폴리스 4단지,35.91553,128.645545
대구광역시,달성군,민간,도아어린이집,053-615-5535,대구광역시 달성군 유가면 테크노대로5길 57 대구테크노폴리스남해오네뜨2차 203동 1층,35.91562999999999,128.645645
대구광역시,달성군,민간,민들레어린이집,053-617-7704,대구광역시 달성군 유가읍 테크노북로 164 하나리움퀸즈파크 103동,35.915729999999996,128.645745
대구광역시,달성군,민간,비슬어린이집,053-616-9797,대구광역시 달성군 유가면 테크노대로5길 79 대구테크노폴리스진아리채 단지 내,35.91583,128.645845
대구광역시,달성군,민간,이화어린이집,053-615-2120,대구광역시 달성군 유가면 테크노북로 165 대구테크노폴리스 화성파크드림 단지 내,35.915929999999996,128.645945
대구광역시,달성군,민간,힐데스하임어린이집,053-611-0767,대구광역시 달성군 유가면 테크노북로9길 42 대구테크노 원 힐데스하임 107동 1층,35.91603,128.64604500000002
대구광역시,달성군,가정,나무뜰어린이집,053-616-9940,대구광역시 달성군 유가면 테크노대로 195 103동 102호(대구 테크노폴리스 반도유보라 아이비파크),35.916129999999995,128.64614500000002
대구광역시,달성군,가정,아이숲어린이집,053-615-1788,대구광역시 달성군 유가면 테크노대로5길 58 103동 101호(대구테크노폴리스 호반베르디움),35.91623,128.64624500000002
대구광역시,달성군,가정,우미린어린이집,053-615-0258,대구광역시 달성군 유가면 테크노북로9길 16 102동 103호(우미린더포레스트),35.916329999999995,128.64634500000003
대구광역시,달성군,가정,화성파크어린이집,053-242-3354,대구광역시 달성군 유가면 테크노북로 165 104동 101호(대구 테크노폴리스 화성파크드림),35.91643,128.646445
대구광역시,달성군,직장,과학나무공동직장어린이집,053-614-7800,대구광역시 달성군 유가읍 테크노대로6길 20,35.6869391,128.4650601
대구광역시,달성군,직장,달성산단참꽃직장어린이집,053-611-7979,대구광역시 달성군 유가읍 테크노북로6길 26,35.6952075,128.4607955
대구광역시,달성군,국공립,하빈어린이집,053-581-0164,대구광역시 달성군 하빈면 하빈로 404,35.8999528,128.4404956
대구광역시,달성군,국공립,국가산단이다음어린이집,053-616-9050,대구광역시 달성군 현풍읍 국가산단대로70길 41,35.6612377,128.4203374
대구광역시,달성군,국공립,서한이다음어린이집,053-611-1424,대구광역시 달성군 현풍읍 테크노상업로 33,35.6902741,128.453075
대구광역시,달성군,국공립,일동미라주더파크어린이집,053-617-9669,대구광역시 달성군 현풍면 테크노북로2길 9,35.91703,128.64704500000002
대구광역시,달성군,국공립,포산어린이집,053-617-3399,대구광역시 달성군 현풍면 테크노북로2길 10 대구테크노폴리스천년나무1단지(LH),35.91712999999999,128.64714500000002
대구광역시,달성군,국공립,현풍천년나무어린이집,053-617-7771,대구광역시 달성군 현풍면 테크노북로2길 30 대구테크노폴리스천년나무2단지(LH),35.917229999999996,128.64724500000003
대구광역시,달성군,국공립,현풍행복어린이집,053-614-9366,대구광역시 달성군 현풍면 테크노북로4길 27 LH 행복주택 천년나무 3단지,35.91733,128.647345
대구광역시,달성군,민간,더퍼스트어린이집,053-611-5100,대구광역시 달성군 현풍면 테크노상업로 49 제일풍경채더퍼스트 단지내,35.917429999999996,128.647445
대구광역시,달성군,민간,영재어린이집,053-611-1535,대구광역시 달성군 현풍면 현풍중앙로14길 34,35.91753,128.647545
대구광역시,달성군,민간,오네뜨어린이집,053-615-6155,대구광역시 달성군 현풍면 테크노북로4길 11 남해오네뜨1차 108동(뒤),35.917629999999996,128.647645
대구광역시,달성군,민간,자연과학어린이집,053-611-4800,대구광역시 달성군 현풍면 현풍동로25길 17,35.91773,128.64774500000001
대구광역시,달성군,민간,현풍아이세상어린이집,053-614-5261,대구광역시 달성군 현풍면 현풍중앙로10길 64,35.917829999999995,128.64784500000002
대구광역시,달성군,가정,미라주어린이집,053-292-7900,대구광역시 달성군 현풍면 테크노북로2길 9 109동 104호(대구테크노폴리스일동미라주더파크),35.91793,128.64794500000002
대구광역시,달성군,가정,아이천사어린이집,053-611-1274,대구광역시 달성군 현풍면 테크노상업로 49 109동 105호(제일풍경채더퍼스트),35.918029999999995,128.64804500000002
대구광역시,달성군,직장,DGIST직장어린이집,070-4145-2018,대구광역시 달성군 현풍읍 테크노중앙대로 333 비슬빌리지 302동 1층,35.91813,128.648145
대구광역시,달성군,국공립,그린빌어린이집,053-631-0025,대구광역시 달성군 화원읍 명천로 57 관리동,35.918229999999994,128.648245
대구광역시,달성군,국공립,꿈땅어린이집,053-635-4055,대구광역시 달성군 화원읍 비슬로512길 20-7,35.8025742,128.4980283
대구광역시,달성군,국공립,꿈의숲어린이집,053-633-9321,대구광역시 달성군 화원읍 명천로 383,35.8026005,128.5078698
대구광역시,달성군,국공립,꿈터어린이집,053-632-1346,대구광역시 달성군 화원읍 명천로17길 30-7,35.8014918,128.5082396
대구광역시,달성군,국공립,명곡어린이집,053-644-0150,대구광역시 달성군 화원읍 명곡로 30,35.7779328,128.5083079
대구광역시,달성군,국공립,별초롱어린이집,053-635-6630,대구광역시 달성군 화원읍 명천로21길 55 화원파크뷰 우방아이유쉘,35.91873,128.64874500000002
대구광역시,달성군,국공립,안델센어린이집,053-638-1728,대구광역시 달성군 화원읍 인흥길 41,35.7919612,128.5161384
대구광역시,달성군,국공립,혜원어린이집,053-644-0877,대구광역시 달성군 화원읍 명천로 231,35.8026005,128.5078698
대구광역시,달성군,국공립,화원동화아이위시어린이집,053-634-2120,대구광역시 달성군 화원읍 비슬로510길 20,35.8015065,128.4965911
대구광역시,달성군,국공립,화원이진캐스빌어린이집,053-632-7557,대구광역시 달성군 화원읍 비슬로 2545,35.8059821,128.5057034
대구광역시,달성군,사회복지법인,백설어린이집,053-637-0104,대구광역시 달성군 비슬로502길 14 `,35.799357,128.4920934
대구광역시,달성군,사회복지법인,예사랑어린이집,053-642-3025,대구광역시 달성군 화원읍 화원로7길 51,35.8061198,128.4967985
대구광역시,달성군,사회복지법인,천내어린이집,053-634-4991,대구광역시 달성군 화원읍 화원로7길 55,35.8061198,128.4967985
대구광역시,달성군,사회복지법인,화남어린이집,053-639-7979,대구광역시 달성군 화원읍 비슬로512길 44,35.8023204,128.497608
대구광역시,달성군,민간,동그라미어린이집,053-638-6067,대구광역시 달성군 화원읍 비슬로500길 10,35.7989079,128.4912521
대구광역시,달성군,민간,래미안숲속어린이집,053-521-2458,대구광역시 달성군 화원읍 비슬로539길 35,35.8097187,128.5079861
대구광역시,달성군,민간,아이나라어린이집,053-632-7942,대구광역시 달성군 화원읍 성천로24길 12-10,35.8059734,128.4950152
대구광역시,달성군,민간,애플어린이집,053-637-0600,대구광역시 달성군 화원읍 비슬로508길 22,35.8007097,128.4953303
대구광역시,달성군,가정,꿈이있는 어린이집,053-636-6181,대구광역시 달성군 화원읍 성화로4길 13 태왕아파트 103동 101호,35.92003,128.650045
대구광역시,달성군,가정,신동아어린이집,053-632-1388,대구광역시 달성군 화원읍 비슬로539길 38 102동 101호,35.92012999999999,128.650145
대구광역시,군위군,국공립,군위군립 보듬이나눔이어린이집,054-383-7625,대구광역시 군위군 군위읍 동산새길 46,36.2315887,128.563915
대구광역시,군위군,사회복지법인,군위어린이집,054-383-2032,대구광역시 군위군 군위읍 군청로 107,36.2274204,128.5685927
대구광역시,군위군,국공립,군위군립 하나어린이집,054-383-5981,대구광역시 군위군 송원3길 30-7,35.920429999999996,128.65044500000002
대구광역시,군위군,국공립,군위군립 의흥어린이집,054-382-3887,대구광역시 군위군 읍내2길 17,36.1783653,128.7197855
